timestamp,value,__name__,instance,job
18:55:54.464,0.000000,node_nfsd_disk_bytes_read_total,192.168.2.128:9100,node exporter
18:55:55.546,0.000000,node_nfsd_disk_bytes_read_total,192.168.2.128:9100,node exporter
18:55:56.623,0.000000,node_nfsd_disk_bytes_read_total,192.168.2.128:9100,node exporter
18:55:57.716,0.000000,node_nfsd_disk_bytes_read_total,192.168.2.128:9100,node exporter
18:55:58.895,0.000000,node_nfsd_disk_bytes_read_total,192.168.2.128:9100,node exporter
18:55:59.984,0.000000,node_nfsd_disk_bytes_read_total,192.168.2.128:9100,node exporter
18:56:01.072,0.000000,node_nfsd_disk_bytes_read_total,192.168.2.128:9100,node exporter
18:56:02.166,0.000000,node_nfsd_disk_bytes_read_total,192.168.2.128:9100,node exporter
18:56:03.262,0.000000,node_nfsd_disk_bytes_read_total,192.168.2.128:9100,node exporter
18:56:04.337,0.000000,node_nfsd_disk_bytes_read_total,192.168.2.128:9100,node exporter
18:56:05.425,0.000000,node_nfsd_disk_bytes_read_total,192.168.2.128:9100,node exporter
18:56:06.612,0.000000,node_nfsd_disk_bytes_read_total,192.168.2.128:9100,node exporter
18:56:07.681,0.000000,node_nfsd_disk_bytes_read_total,192.168.2.128:9100,node exporter
18:56:08.743,0.000000,node_nfsd_disk_bytes_read_total,192.168.2.128:9100,node exporter
18:56:09.816,0.000000,node_nfsd_disk_bytes_read_total,192.168.2.128:9100,node exporter
18:56:10.889,0.000000,node_nfsd_disk_bytes_read_total,192.168.2.128:9100,node exporter
18:56:11.964,0.000000,node_nfsd_disk_bytes_read_total,192.168.2.128:9100,node exporter
18:56:13.055,0.000000,node_nfsd_disk_bytes_read_total,192.168.2.128:9100,node exporter
18:56:14.273,0.000000,node_nfsd_disk_bytes_read_total,192.168.2.128:9100,node exporter
18:56:15.361,0.000000,node_nfsd_disk_bytes_read_total,192.168.2.128:9100,node exporter
18:56:16.438,0.000000,node_nfsd_disk_bytes_read_total,192.168.2.128:9100,node exporter
18:56:17.506,0.000000,node_nfsd_disk_bytes_read_total,192.168.2.128:9100,node exporter
18:56:18.878,0.000000,node_nfsd_disk_bytes_read_total,192.168.2.128:9100,node exporter
18:56:19.967,0.000000,node_nfsd_disk_bytes_read_total,192.168.2.128:9100,node exporter
18:56:21.078,0.000000,node_nfsd_disk_bytes_read_total,192.168.2.128:9100,node exporter
18:56:22.200,0.000000,node_nfsd_disk_bytes_read_total,192.168.2.128:9100,node exporter
18:56:23.303,0.000000,node_nfsd_disk_bytes_read_total,192.168.2.128:9100,node exporter
18:56:24.901,0.000000,node_nfsd_disk_bytes_read_total,192.168.2.128:9100,node exporter
18:56:26.164,0.000000,node_nfsd_disk_bytes_read_total,192.168.2.128:9100,node exporter
18:56:27.976,0.000000,node_nfsd_disk_bytes_read_total,192.168.2.128:9100,node exporter
18:56:29.213,0.000000,node_nfsd_disk_bytes_read_total,192.168.2.128:9100,node exporter
18:56:30.421,0.000000,node_nfsd_disk_bytes_read_total,192.168.2.128:9100,node exporter
18:56:31.600,0.000000,node_nfsd_disk_bytes_read_total,192.168.2.128:9100,node exporter
18:56:33.093,0.000000,node_nfsd_disk_bytes_read_total,192.168.2.128:9100,node exporter
18:56:34.402,0.000000,node_nfsd_disk_bytes_read_total,192.168.2.128:9100,node exporter
18:56:35.734,0.000000,node_nfsd_disk_bytes_read_total,192.168.2.128:9100,node exporter
18:56:37.011,0.000000,node_nfsd_disk_bytes_read_total,192.168.2.128:9100,node exporter
18:56:38.201,0.000000,node_nfsd_disk_bytes_read_total,192.168.2.128:9100,node exporter
18:56:39.351,0.000000,node_nfsd_disk_bytes_read_total,192.168.2.128:9100,node exporter
18:56:40.576,0.000000,node_nfsd_disk_bytes_read_total,192.168.2.128:9100,node exporter
18:56:41.778,0.000000,node_nfsd_disk_bytes_read_total,192.168.2.128:9100,node exporter
18:56:43.278,0.000000,node_nfsd_disk_bytes_read_total,192.168.2.128:9100,node exporter
18:56:44.478,0.000000,node_nfsd_disk_bytes_read_total,192.168.2.128:9100,node exporter
18:56:45.667,0.000000,node_nfsd_disk_bytes_read_total,192.168.2.128:9100,node exporter
18:56:46.892,0.000000,node_nfsd_disk_bytes_read_total,192.168.2.128:9100,node exporter
18:56:48.138,0.000000,node_nfsd_disk_bytes_read_total,192.168.2.128:9100,node exporter
18:56:49.374,0.000000,node_nfsd_disk_bytes_read_total,192.168.2.128:9100,node exporter
18:56:50.658,0.000000,node_nfsd_disk_bytes_read_total,192.168.2.128:9100,node exporter
18:56:52.084,0.000000,node_nfsd_disk_bytes_read_total,192.168.2.128:9100,node exporter
18:56:53.282,0.000000,node_nfsd_disk_bytes_read_total,192.168.2.128:9100,node exporter
18:56:54.743,0.000000,node_nfsd_disk_bytes_read_total,192.168.2.128:9100,node exporter
18:56:55.900,0.000000,node_nfsd_disk_bytes_read_total,192.168.2.128:9100,node exporter
18:56:57.108,0.000000,node_nfsd_disk_bytes_read_total,192.168.2.128:9100,node exporter
18:56:58.347,0.000000,node_nfsd_disk_bytes_read_total,192.168.2.128:9100,node exporter
18:56:59.811,0.000000,node_nfsd_disk_bytes_read_total,192.168.2.128:9100,node exporter
18:57:01.012,0.000000,node_nfsd_disk_bytes_read_total,192.168.2.128:9100,node exporter
18:57:02.219,0.000000,node_nfsd_disk_bytes_read_total,192.168.2.128:9100,node exporter
18:57:03.618,0.000000,node_nfsd_disk_bytes_read_total,192.168.2.128:9100,node exporter
18:57:04.786,0.000000,node_nfsd_disk_bytes_read_total,192.168.2.128:9100,node exporter
18:57:05.979,0.000000,node_nfsd_disk_bytes_read_total,192.168.2.128:9100,node exporter
18:57:07.316,0.000000,node_nfsd_disk_bytes_read_total,192.168.2.128:9100,node exporter
18:57:08.796,0.000000,node_nfsd_disk_bytes_read_total,192.168.2.128:9100,node exporter
18:57:10.015,0.000000,node_nfsd_disk_bytes_read_total,192.168.2.128:9100,node exporter
18:57:11.254,0.000000,node_nfsd_disk_bytes_read_total,192.168.2.128:9100,node exporter
18:57:12.452,0.000000,node_nfsd_disk_bytes_read_total,192.168.2.128:9100,node exporter
18:57:13.826,0.000000,node_nfsd_disk_bytes_read_total,192.168.2.128:9100,node exporter
18:57:15.073,0.000000,node_nfsd_disk_bytes_read_total,192.168.2.128:9100,node exporter
18:57:16.451,0.000000,node_nfsd_disk_bytes_read_total,192.168.2.128:9100,node exporter
18:57:17.550,0.000000,node_nfsd_disk_bytes_read_total,192.168.2.128:9100,node exporter
18:57:18.634,0.000000,node_nfsd_disk_bytes_read_total,192.168.2.128:9100,node exporter
18:57:19.717,0.000000,node_nfsd_disk_bytes_read_total,192.168.2.128:9100,node exporter
18:57:20.887,0.000000,node_nfsd_disk_bytes_read_total,192.168.2.128:9100,node exporter
18:57:22.086,0.000000,node_nfsd_disk_bytes_read_total,192.168.2.128:9100,node exporter
18:57:23.195,0.000000,node_nfsd_disk_bytes_read_total,192.168.2.128:9100,node exporter
18:57:24.317,0.000000,node_nfsd_disk_bytes_read_total,192.168.2.128:9100,node exporter
18:57:25.589,0.000000,node_nfsd_disk_bytes_read_total,192.168.2.128:9100,node exporter
18:57:26.669,0.000000,node_nfsd_disk_bytes_read_total,192.168.2.128:9100,node exporter
18:57:27.806,0.000000,node_nfsd_disk_bytes_read_total,192.168.2.128:9100,node exporter
18:57:28.887,0.000000,node_nfsd_disk_bytes_read_total,192.168.2.128:9100,node exporter
18:57:29.973,0.000000,node_nfsd_disk_bytes_read_total,192.168.2.128:9100,node exporter
18:57:31.128,0.000000,node_nfsd_disk_bytes_read_total,192.168.2.128:9100,node exporter
18:57:32.211,0.000000,node_nfsd_disk_bytes_read_total,192.168.2.128:9100,node exporter
18:57:33.296,0.000000,node_nfsd_disk_bytes_read_total,192.168.2.128:9100,node exporter
18:57:34.392,0.000000,node_nfsd_disk_bytes_read_total,192.168.2.128:9100,node exporter
18:57:36.109,0.000000,node_nfsd_disk_bytes_read_total,192.168.2.128:9100,node exporter
18:57:37.409,0.000000,node_nfsd_disk_bytes_read_total,192.168.2.128:9100,node exporter
18:57:38.761,0.000000,node_nfsd_disk_bytes_read_total,192.168.2.128:9100,node exporter
18:57:40.379,0.000000,node_nfsd_disk_bytes_read_total,192.168.2.128:9100,node exporter
18:57:41.661,0.000000,node_nfsd_disk_bytes_read_total,192.168.2.128:9100,node exporter
18:57:43.044,0.000000,node_nfsd_disk_bytes_read_total,192.168.2.128:9100,node exporter
18:57:44.224,0.000000,node_nfsd_disk_bytes_read_total,192.168.2.128:9100,node exporter
18:57:45.839,0.000000,node_nfsd_disk_bytes_read_total,192.168.2.128:9100,node exporter
18:57:47.094,0.000000,node_nfsd_disk_bytes_read_total,192.168.2.128:9100,node exporter
18:57:48.467,0.000000,node_nfsd_disk_bytes_read_total,192.168.2.128:9100,node exporter
18:57:49.572,0.000000,node_nfsd_disk_bytes_read_total,192.168.2.128:9100,node exporter
18:57:51.085,0.000000,node_nfsd_disk_bytes_read_total,192.168.2.128:9100,node exporter
18:57:52.453,0.000000,node_nfsd_disk_bytes_read_total,192.168.2.128:9100,node exporter
18:57:53.634,0.000000,node_nfsd_disk_bytes_read_total,192.168.2.128:9100,node exporter
18:57:54.964,0.000000,node_nfsd_disk_bytes_read_total,192.168.2.128:9100,node exporter
18:57:56.228,0.000000,node_nfsd_disk_bytes_read_total,192.168.2.128:9100,node exporter
18:57:57.485,0.000000,node_nfsd_disk_bytes_read_total,192.168.2.128:9100,node exporter
18:57:58.785,0.000000,node_nfsd_disk_bytes_read_total,192.168.2.128:9100,node exporter
18:58:00.090,0.000000,node_nfsd_disk_bytes_read_total,192.168.2.128:9100,node exporter
18:58:01.396,0.000000,node_nfsd_disk_bytes_read_total,192.168.2.128:9100,node exporter
18:58:02.679,0.000000,node_nfsd_disk_bytes_read_total,192.168.2.128:9100,node exporter
18:58:03.979,0.000000,node_nfsd_disk_bytes_read_total,192.168.2.128:9100,node exporter
18:58:05.205,0.000000,node_nfsd_disk_bytes_read_total,192.168.2.128:9100,node exporter
18:58:06.458,0.000000,node_nfsd_disk_bytes_read_total,192.168.2.128:9100,node exporter
18:58:07.793,0.000000,node_nfsd_disk_bytes_read_total,192.168.2.128:9100,node exporter
18:58:09.043,0.000000,node_nfsd_disk_bytes_read_total,192.168.2.128:9100,node exporter
18:58:10.179,0.000000,node_nfsd_disk_bytes_read_total,192.168.2.128:9100,node exporter
18:58:11.611,0.000000,node_nfsd_disk_bytes_read_total,192.168.2.128:9100,node exporter
18:58:12.782,0.000000,node_nfsd_disk_bytes_read_total,192.168.2.128:9100,node exporter
18:58:13.902,0.000000,node_nfsd_disk_bytes_read_total,192.168.2.128:9100,node exporter
18:58:15.119,0.000000,node_nfsd_disk_bytes_read_total,192.168.2.128:9100,node exporter
18:58:16.306,0.000000,node_nfsd_disk_bytes_read_total,192.168.2.128:9100,node exporter
18:58:17.690,0.000000,node_nfsd_disk_bytes_read_total,192.168.2.128:9100,node exporter
18:58:18.827,0.000000,node_nfsd_disk_bytes_read_total,192.168.2.128:9100,node exporter
18:58:19.961,0.000000,node_nfsd_disk_bytes_read_total,192.168.2.128:9100,node exporter
18:58:21.129,0.000000,node_nfsd_disk_bytes_read_total,192.168.2.128:9100,node exporter
18:58:22.401,0.000000,node_nfsd_disk_bytes_read_total,192.168.2.128:9100,node exporter
18:58:23.507,0.000000,node_nfsd_disk_bytes_read_total,192.168.2.128:9100,node exporter
18:58:24.647,0.000000,node_nfsd_disk_bytes_read_total,192.168.2.128:9100,node exporter
18:58:26.458,0.000000,node_nfsd_disk_bytes_read_total,192.168.2.128:9100,node exporter
18:58:27.552,0.000000,node_nfsd_disk_bytes_read_total,192.168.2.128:9100,node exporter
18:58:28.919,0.000000,node_nfsd_disk_bytes_read_total,192.168.2.128:9100,node exporter
18:58:30.074,0.000000,node_nfsd_disk_bytes_read_total,192.168.2.128:9100,node exporter
18:58:31.222,0.000000,node_nfsd_disk_bytes_read_total,192.168.2.128:9100,node exporter
18:58:32.613,0.000000,node_nfsd_disk_bytes_read_total,192.168.2.128:9100,node exporter
18:58:33.769,0.000000,node_nfsd_disk_bytes_read_total,192.168.2.128:9100,node exporter
18:58:35.146,0.000000,node_nfsd_disk_bytes_read_total,192.168.2.128:9100,node exporter
18:58:36.261,0.000000,node_nfsd_disk_bytes_read_total,192.168.2.128:9100,node exporter
18:58:37.586,0.000000,node_nfsd_disk_bytes_read_total,192.168.2.128:9100,node exporter
18:58:38.742,0.000000,node_nfsd_disk_bytes_read_total,192.168.2.128:9100,node exporter
18:58:40.016,0.000000,node_nfsd_disk_bytes_read_total,192.168.2.128:9100,node exporter
18:58:41.585,0.000000,node_nfsd_disk_bytes_read_total,192.168.2.128:9100,node exporter
18:58:42.708,0.000000,node_nfsd_disk_bytes_read_total,192.168.2.128:9100,node exporter
18:58:43.836,0.000000,node_nfsd_disk_bytes_read_total,192.168.2.128:9100,node exporter
18:58:44.951,0.000000,node_nfsd_disk_bytes_read_total,192.168.2.128:9100,node exporter
18:58:46.127,0.000000,node_nfsd_disk_bytes_read_total,192.168.2.128:9100,node exporter
18:58:47.305,0.000000,node_nfsd_disk_bytes_read_total,192.168.2.128:9100,node exporter
18:58:48.747,0.000000,node_nfsd_disk_bytes_read_total,192.168.2.128:9100,node exporter
18:58:49.876,0.000000,node_nfsd_disk_bytes_read_total,192.168.2.128:9100,node exporter
18:58:51.400,0.000000,node_nfsd_disk_bytes_read_total,192.168.2.128:9100,node exporter
18:58:52.636,0.000000,node_nfsd_disk_bytes_read_total,192.168.2.128:9100,node exporter
18:58:53.769,0.000000,node_nfsd_disk_bytes_read_total,192.168.2.128:9100,node exporter
18:58:54.879,0.000000,node_nfsd_disk_bytes_read_total,192.168.2.128:9100,node exporter
18:58:56.069,0.000000,node_nfsd_disk_bytes_read_total,192.168.2.128:9100,node exporter
18:58:57.223,0.000000,node_nfsd_disk_bytes_read_total,192.168.2.128:9100,node exporter
18:58:58.431,0.000000,node_nfsd_disk_bytes_read_total,192.168.2.128:9100,node exporter
18:58:59.541,0.000000,node_nfsd_disk_bytes_read_total,192.168.2.128:9100,node exporter
18:59:00.642,0.000000,node_nfsd_disk_bytes_read_total,192.168.2.128:9100,node exporter
18:59:01.765,0.000000,node_nfsd_disk_bytes_read_total,192.168.2.128:9100,node exporter
18:59:02.845,0.000000,node_nfsd_disk_bytes_read_total,192.168.2.128:9100,node exporter
18:59:03.949,0.000000,node_nfsd_disk_bytes_read_total,192.168.2.128:9100,node exporter
18:59:05.166,0.000000,node_nfsd_disk_bytes_read_total,192.168.2.128:9100,node exporter
18:59:06.259,0.000000,node_nfsd_disk_bytes_read_total,192.168.2.128:9100,node exporter
18:59:07.356,0.000000,node_nfsd_disk_bytes_read_total,192.168.2.128:9100,node exporter
18:59:08.461,0.000000,node_nfsd_disk_bytes_read_total,192.168.2.128:9100,node exporter
18:59:09.565,0.000000,node_nfsd_disk_bytes_read_total,192.168.2.128:9100,node exporter
18:59:10.663,0.000000,node_nfsd_disk_bytes_read_total,192.168.2.128:9100,node exporter
18:59:11.834,0.000000,node_nfsd_disk_bytes_read_total,192.168.2.128:9100,node exporter
18:59:12.939,0.000000,node_nfsd_disk_bytes_read_total,192.168.2.128:9100,node exporter
18:59:14.046,0.000000,node_nfsd_disk_bytes_read_total,192.168.2.128:9100,node exporter
18:59:15.176,0.000000,node_nfsd_disk_bytes_read_total,192.168.2.128:9100,node exporter
18:59:16.269,0.000000,node_nfsd_disk_bytes_read_total,192.168.2.128:9100,node exporter
18:59:17.363,0.000000,node_nfsd_disk_bytes_read_total,192.168.2.128:9100,node exporter
18:59:18.454,0.000000,node_nfsd_disk_bytes_read_total,192.168.2.128:9100,node exporter
18:59:19.689,0.000000,node_nfsd_disk_bytes_read_total,192.168.2.128:9100,node exporter
18:59:20.788,0.000000,node_nfsd_disk_bytes_read_total,192.168.2.128:9100,node exporter
18:59:21.882,0.000000,node_nfsd_disk_bytes_read_total,192.168.2.128:9100,node exporter
18:59:22.992,0.000000,node_nfsd_disk_bytes_read_total,192.168.2.128:9100,node exporter
18:59:24.117,0.000000,node_nfsd_disk_bytes_read_total,192.168.2.128:9100,node exporter
18:59:25.232,0.000000,node_nfsd_disk_bytes_read_total,192.168.2.128:9100,node exporter
18:59:26.325,0.000000,node_nfsd_disk_bytes_read_total,192.168.2.128:9100,node exporter
18:59:27.521,0.000000,node_nfsd_disk_bytes_read_total,192.168.2.128:9100,node exporter
18:59:28.615,0.000000,node_nfsd_disk_bytes_read_total,192.168.2.128:9100,node exporter
18:59:29.716,0.000000,node_nfsd_disk_bytes_read_total,192.168.2.128:9100,node exporter
18:59:30.816,0.000000,node_nfsd_disk_bytes_read_total,192.168.2.128:9100,node exporter
18:59:31.908,0.000000,node_nfsd_disk_bytes_read_total,192.168.2.128:9100,node exporter
18:59:33.010,0.000000,node_nfsd_disk_bytes_read_total,192.168.2.128:9100,node exporter
18:59:34.240,0.000000,node_nfsd_disk_bytes_read_total,192.168.2.128:9100,node exporter
18:59:35.356,0.000000,node_nfsd_disk_bytes_read_total,192.168.2.128:9100,node exporter
18:59:36.449,0.000000,node_nfsd_disk_bytes_read_total,192.168.2.128:9100,node exporter
18:59:37.539,0.000000,node_nfsd_disk_bytes_read_total,192.168.2.128:9100,node exporter
18:59:38.633,0.000000,node_nfsd_disk_bytes_read_total,192.168.2.128:9100,node exporter
18:59:39.746,0.000000,node_nfsd_disk_bytes_read_total,192.168.2.128:9100,node exporter
18:59:40.901,0.000000,node_nfsd_disk_bytes_read_total,192.168.2.128:9100,node exporter
18:59:42.004,0.000000,node_nfsd_disk_bytes_read_total,192.168.2.128:9100,node exporter
18:59:43.120,0.000000,node_nfsd_disk_bytes_read_total,192.168.2.128:9100,node exporter
18:59:44.220,0.000000,node_nfsd_disk_bytes_read_total,192.168.2.128:9100,node exporter
18:59:45.317,0.000000,node_nfsd_disk_bytes_read_total,192.168.2.128:9100,node exporter
18:59:46.416,0.000000,node_nfsd_disk_bytes_read_total,192.168.2.128:9100,node exporter
18:59:47.597,0.000000,node_nfsd_disk_bytes_read_total,192.168.2.128:9100,node exporter
18:59:48.691,0.000000,node_nfsd_disk_bytes_read_total,192.168.2.128:9100,node exporter
18:59:49.787,0.000000,node_nfsd_disk_bytes_read_total,192.168.2.128:9100,node exporter
18:59:50.883,0.000000,node_nfsd_disk_bytes_read_total,192.168.2.128:9100,node exporter
18:59:51.981,0.000000,node_nfsd_disk_bytes_read_total,192.168.2.128:9100,node exporter
18:59:53.101,0.000000,node_nfsd_disk_bytes_read_total,192.168.2.128:9100,node exporter
18:59:54.296,0.000000,node_nfsd_disk_bytes_read_total,192.168.2.128:9100,node exporter
18:59:55.404,0.000000,node_nfsd_disk_bytes_read_total,192.168.2.128:9100,node exporter
18:59:56.490,0.000000,node_nfsd_disk_bytes_read_total,192.168.2.128:9100,node exporter
18:59:57.588,0.000000,node_nfsd_disk_bytes_read_total,192.168.2.128:9100,node exporter
18:59:58.686,0.000000,node_nfsd_disk_bytes_read_total,192.168.2.128:9100,node exporter
18:59:59.782,0.000000,node_nfsd_disk_bytes_read_total,192.168.2.128:9100,node exporter
19:00:00.881,0.000000,node_nfsd_disk_bytes_read_total,192.168.2.128:9100,node exporter
19:00:01.985,0.000000,node_nfsd_disk_bytes_read_total,192.168.2.128:9100,node exporter
19:00:03.131,0.000000,node_nfsd_disk_bytes_read_total,192.168.2.128:9100,node exporter
19:00:04.351,0.000000,node_nfsd_disk_bytes_read_total,192.168.2.128:9100,node exporter
19:00:05.488,0.000000,node_nfsd_disk_bytes_read_total,192.168.2.128:9100,node exporter
19:00:06.607,0.000000,node_nfsd_disk_bytes_read_total,192.168.2.128:9100,node exporter
19:00:07.694,0.000000,node_nfsd_disk_bytes_read_total,192.168.2.128:9100,node exporter
19:00:08.786,0.000000,node_nfsd_disk_bytes_read_total,192.168.2.128:9100,node exporter
19:00:09.886,0.000000,node_nfsd_disk_bytes_read_total,192.168.2.128:9100,node exporter
19:00:11.024,0.000000,node_nfsd_disk_bytes_read_total,192.168.2.128:9100,node exporter
19:00:12.126,0.000000,node_nfsd_disk_bytes_read_total,192.168.2.128:9100,node exporter
19:00:13.228,0.000000,node_nfsd_disk_bytes_read_total,192.168.2.128:9100,node exporter
19:00:14.318,0.000000,node_nfsd_disk_bytes_read_total,192.168.2.128:9100,node exporter
19:00:15.462,0.000000,node_nfsd_disk_bytes_read_total,192.168.2.128:9100,node exporter
19:00:16.556,0.000000,node_nfsd_disk_bytes_read_total,192.168.2.128:9100,node exporter
19:00:17.665,0.000000,node_nfsd_disk_bytes_read_total,192.168.2.128:9100,node exporter
19:00:18.750,0.000000,node_nfsd_disk_bytes_read_total,192.168.2.128:9100,node exporter
19:00:19.884,0.000000,node_nfsd_disk_bytes_read_total,192.168.2.128:9100,node exporter
19:00:20.978,0.000000,node_nfsd_disk_bytes_read_total,192.168.2.128:9100,node exporter
19:00:22.089,0.000000,node_nfsd_disk_bytes_read_total,192.168.2.128:9100,node exporter
19:00:23.193,0.000000,node_nfsd_disk_bytes_read_total,192.168.2.128:9100,node exporter
19:00:24.340,0.000000,node_nfsd_disk_bytes_read_total,192.168.2.128:9100,node exporter
19:00:25.459,0.000000,node_nfsd_disk_bytes_read_total,192.168.2.128:9100,node exporter
19:00:26.549,0.000000,node_nfsd_disk_bytes_read_total,192.168.2.128:9100,node exporter
19:00:27.640,0.000000,node_nfsd_disk_bytes_read_total,192.168.2.128:9100,node exporter
19:00:28.797,0.000000,node_nfsd_disk_bytes_read_total,192.168.2.128:9100,node exporter
19:00:29.887,0.000000,node_nfsd_disk_bytes_read_total,192.168.2.128:9100,node exporter
19:00:30.985,0.000000,node_nfsd_disk_bytes_read_total,192.168.2.128:9100,node exporter
19:00:32.111,0.000000,node_nfsd_disk_bytes_read_total,192.168.2.128:9100,node exporter
19:00:33.261,0.000000,node_nfsd_disk_bytes_read_total,192.168.2.128:9100,node exporter
19:00:34.352,0.000000,node_nfsd_disk_bytes_read_total,192.168.2.128:9100,node exporter
19:00:35.441,0.000000,node_nfsd_disk_bytes_read_total,192.168.2.128:9100,node exporter
19:00:36.531,0.000000,node_nfsd_disk_bytes_read_total,192.168.2.128:9100,node exporter
19:00:37.656,0.000000,node_nfsd_disk_bytes_read_total,192.168.2.128:9100,node exporter
19:00:38.742,0.000000,node_nfsd_disk_bytes_read_total,192.168.2.128:9100,node exporter
19:00:39.835,0.000000,node_nfsd_disk_bytes_read_total,192.168.2.128:9100,node exporter
19:00:40.915,0.000000,node_nfsd_disk_bytes_read_total,192.168.2.128:9100,node exporter
19:00:42.059,0.000000,node_nfsd_disk_bytes_read_total,192.168.2.128:9100,node exporter
19:00:43.153,0.000000,node_nfsd_disk_bytes_read_total,192.168.2.128:9100,node exporter
19:00:44.240,0.000000,node_nfsd_disk_bytes_read_total,192.168.2.128:9100,node exporter
19:00:45.330,0.000000,node_nfsd_disk_bytes_read_total,192.168.2.128:9100,node exporter
19:00:46.486,0.000000,node_nfsd_disk_bytes_read_total,192.168.2.128:9100,node exporter
19:00:47.567,0.000000,node_nfsd_disk_bytes_read_total,192.168.2.128:9100,node exporter
19:00:48.671,0.000000,node_nfsd_disk_bytes_read_total,192.168.2.128:9100,node exporter
19:00:49.759,0.000000,node_nfsd_disk_bytes_read_total,192.168.2.128:9100,node exporter
19:00:50.908,0.000000,node_nfsd_disk_bytes_read_total,192.168.2.128:9100,node exporter
19:00:51.998,0.000000,node_nfsd_disk_bytes_read_total,192.168.2.128:9100,node exporter
19:00:53.111,0.000000,node_nfsd_disk_bytes_read_total,192.168.2.128:9100,node exporter
19:00:54.208,0.000000,node_nfsd_disk_bytes_read_total,192.168.2.128:9100,node exporter
19:00:55.364,0.000000,node_nfsd_disk_bytes_read_total,192.168.2.128:9100,node exporter
19:00:56.443,0.000000,node_nfsd_disk_bytes_read_total,192.168.2.128:9100,node exporter
19:00:57.533,0.000000,node_nfsd_disk_bytes_read_total,192.168.2.128:9100,node exporter
19:00:58.637,0.000000,node_nfsd_disk_bytes_read_total,192.168.2.128:9100,node exporter
19:00:59.784,0.000000,node_nfsd_disk_bytes_read_total,192.168.2.128:9100,node exporter
19:01:00.872,0.000000,node_nfsd_disk_bytes_read_total,192.168.2.128:9100,node exporter
19:01:01.972,0.000000,node_nfsd_disk_bytes_read_total,192.168.2.128:9100,node exporter
19:01:03.073,0.000000,node_nfsd_disk_bytes_read_total,192.168.2.128:9100,node exporter
19:01:04.267,0.000000,node_nfsd_disk_bytes_read_total,192.168.2.128:9100,node exporter
19:01:05.358,0.000000,node_nfsd_disk_bytes_read_total,192.168.2.128:9100,node exporter
19:01:06.445,0.000000,node_nfsd_disk_bytes_read_total,192.168.2.128:9100,node exporter
19:01:07.530,0.000000,node_nfsd_disk_bytes_read_total,192.168.2.128:9100,node exporter
19:01:08.670,0.000000,node_nfsd_disk_bytes_read_total,192.168.2.128:9100,node exporter
19:01:09.760,0.000000,node_nfsd_disk_bytes_read_total,192.168.2.128:9100,node exporter
19:01:10.851,0.000000,node_nfsd_disk_bytes_read_total,192.168.2.128:9100,node exporter
19:01:11.932,0.000000,node_nfsd_disk_bytes_read_total,192.168.2.128:9100,node exporter
19:01:13.081,0.000000,node_nfsd_disk_bytes_read_total,192.168.2.128:9100,node exporter
19:01:14.171,0.000000,node_nfsd_disk_bytes_read_total,192.168.2.128:9100,node exporter
19:01:15.272,0.000000,node_nfsd_disk_bytes_read_total,192.168.2.128:9100,node exporter
19:01:16.360,0.000000,node_nfsd_disk_bytes_read_total,192.168.2.128:9100,node exporter
19:01:17.501,0.000000,node_nfsd_disk_bytes_read_total,192.168.2.128:9100,node exporter
19:01:18.590,0.000000,node_nfsd_disk_bytes_read_total,192.168.2.128:9100,node exporter
19:01:19.682,0.000000,node_nfsd_disk_bytes_read_total,192.168.2.128:9100,node exporter
19:01:20.787,0.000000,node_nfsd_disk_bytes_read_total,192.168.2.128:9100,node exporter
19:01:21.910,0.000000,node_nfsd_disk_bytes_read_total,192.168.2.128:9100,node exporter
19:01:23.002,0.000000,node_nfsd_disk_bytes_read_total,192.168.2.128:9100,node exporter
19:01:24.097,0.000000,node_nfsd_disk_bytes_read_total,192.168.2.128:9100,node exporter
19:01:25.210,0.000000,node_nfsd_disk_bytes_read_total,192.168.2.128:9100,node exporter
19:01:26.332,0.000000,node_nfsd_disk_bytes_read_total,192.168.2.128:9100,node exporter
19:01:27.420,0.000000,node_nfsd_disk_bytes_read_total,192.168.2.128:9100,node exporter
19:01:28.502,0.000000,node_nfsd_disk_bytes_read_total,192.168.2.128:9100,node exporter
19:01:29.593,0.000000,node_nfsd_disk_bytes_read_total,192.168.2.128:9100,node exporter
19:01:30.730,0.000000,node_nfsd_disk_bytes_read_total,192.168.2.128:9100,node exporter
19:01:31.813,0.000000,node_nfsd_disk_bytes_read_total,192.168.2.128:9100,node exporter
19:01:32.916,0.000000,node_nfsd_disk_bytes_read_total,192.168.2.128:9100,node exporter
19:01:34.026,0.000000,node_nfsd_disk_bytes_read_total,192.168.2.128:9100,node exporter
19:01:35.176,0.000000,node_nfsd_disk_bytes_read_total,192.168.2.128:9100,node exporter
19:01:36.254,0.000000,node_nfsd_disk_bytes_read_total,192.168.2.128:9100,node exporter
19:01:37.351,0.000000,node_nfsd_disk_bytes_read_total,192.168.2.128:9100,node exporter
19:01:38.443,0.000000,node_nfsd_disk_bytes_read_total,192.168.2.128:9100,node exporter
19:01:39.580,0.000000,node_nfsd_disk_bytes_read_total,192.168.2.128:9100,node exporter
19:01:40.662,0.000000,node_nfsd_disk_bytes_read_total,192.168.2.128:9100,node exporter
19:01:41.761,0.000000,node_nfsd_disk_bytes_read_total,192.168.2.128:9100,node exporter
19:01:42.834,0.000000,node_nfsd_disk_bytes_read_total,192.168.2.128:9100,node exporter
19:01:43.971,0.000000,node_nfsd_disk_bytes_read_total,192.168.2.128:9100,node exporter
19:01:45.066,0.000000,node_nfsd_disk_bytes_read_total,192.168.2.128:9100,node exporter
19:01:46.175,0.000000,node_nfsd_disk_bytes_read_total,192.168.2.128:9100,node exporter
19:01:47.261,0.000000,node_nfsd_disk_bytes_read_total,192.168.2.128:9100,node exporter
19:01:48.407,0.000000,node_nfsd_disk_bytes_read_total,192.168.2.128:9100,node exporter
19:01:49.499,0.000000,node_nfsd_disk_bytes_read_total,192.168.2.128:9100,node exporter
19:01:50.583,0.000000,node_nfsd_disk_bytes_read_total,192.168.2.128:9100,node exporter
19:01:51.664,0.000000,node_nfsd_disk_bytes_read_total,192.168.2.128:9100,node exporter
19:01:52.790,0.000000,node_nfsd_disk_bytes_read_total,192.168.2.128:9100,node exporter
19:01:53.871,0.000000,node_nfsd_disk_bytes_read_total,192.168.2.128:9100,node exporter
19:01:54.953,0.000000,node_nfsd_disk_bytes_read_total,192.168.2.128:9100,node exporter
19:01:56.065,0.000000,node_nfsd_disk_bytes_read_total,192.168.2.128:9100,node exporter
19:01:57.197,0.000000,node_nfsd_disk_bytes_read_total,192.168.2.128:9100,node exporter
19:01:58.281,0.000000,node_nfsd_disk_bytes_read_total,192.168.2.128:9100,node exporter
19:01:59.373,0.000000,node_nfsd_disk_bytes_read_total,192.168.2.128:9100,node exporter
19:02:00.468,0.000000,node_nfsd_disk_bytes_read_total,192.168.2.128:9100,node exporter
19:02:01.592,0.000000,node_nfsd_disk_bytes_read_total,192.168.2.128:9100,node exporter
19:02:02.671,0.000000,node_nfsd_disk_bytes_read_total,192.168.2.128:9100,node exporter
19:02:03.755,0.000000,node_nfsd_disk_bytes_read_total,192.168.2.128:9100,node exporter
19:02:04.829,0.000000,node_nfsd_disk_bytes_read_total,192.168.2.128:9100,node exporter
19:02:05.936,0.000000,node_nfsd_disk_bytes_read_total,192.168.2.128:9100,node exporter
19:02:07.045,0.000000,node_nfsd_disk_bytes_read_total,192.168.2.128:9100,node exporter
19:02:08.147,0.000000,node_nfsd_disk_bytes_read_total,192.168.2.128:9100,node exporter
19:02:09.220,0.000000,node_nfsd_disk_bytes_read_total,192.168.2.128:9100,node exporter
19:02:10.349,0.000000,node_nfsd_disk_bytes_read_total,192.168.2.128:9100,node exporter
19:02:11.431,0.000000,node_nfsd_disk_bytes_read_total,192.168.2.128:9100,node exporter
19:02:12.519,0.000000,node_nfsd_disk_bytes_read_total,192.168.2.128:9100,node exporter
19:02:13.589,0.000000,node_nfsd_disk_bytes_read_total,192.168.2.128:9100,node exporter
19:02:14.729,0.000000,node_nfsd_disk_bytes_read_total,192.168.2.128:9100,node exporter
19:02:15.814,0.000000,node_nfsd_disk_bytes_read_total,192.168.2.128:9100,node exporter
19:02:16.890,0.000000,node_nfsd_disk_bytes_read_total,192.168.2.128:9100,node exporter
19:02:17.964,0.000000,node_nfsd_disk_bytes_read_total,192.168.2.128:9100,node exporter
19:02:19.110,0.000000,node_nfsd_disk_bytes_read_total,192.168.2.128:9100,node exporter
19:02:20.200,0.000000,node_nfsd_disk_bytes_read_total,192.168.2.128:9100,node exporter
19:02:21.294,0.000000,node_nfsd_disk_bytes_read_total,192.168.2.128:9100,node exporter
19:02:22.375,0.000000,node_nfsd_disk_bytes_read_total,192.168.2.128:9100,node exporter
19:02:23.502,0.000000,node_nfsd_disk_bytes_read_total,192.168.2.128:9100,node exporter
19:02:24.581,0.000000,node_nfsd_disk_bytes_read_total,192.168.2.128:9100,node exporter
19:02:25.652,0.000000,node_nfsd_disk_bytes_read_total,192.168.2.128:9100,node exporter
19:02:26.725,0.000000,node_nfsd_disk_bytes_read_total,192.168.2.128:9100,node exporter
19:02:27.834,0.000000,node_nfsd_disk_bytes_read_total,192.168.2.128:9100,node exporter
19:02:28.909,0.000000,node_nfsd_disk_bytes_read_total,192.168.2.128:9100,node exporter
19:02:29.992,0.000000,node_nfsd_disk_bytes_read_total,192.168.2.128:9100,node exporter
19:02:31.081,0.000000,node_nfsd_disk_bytes_read_total,192.168.2.128:9100,node exporter
19:02:32.222,0.000000,node_nfsd_disk_bytes_read_total,192.168.2.128:9100,node exporter
19:02:33.315,0.000000,node_nfsd_disk_bytes_read_total,192.168.2.128:9100,node exporter
19:02:34.385,0.000000,node_nfsd_disk_bytes_read_total,192.168.2.128:9100,node exporter
19:02:35.458,0.000000,node_nfsd_disk_bytes_read_total,192.168.2.128:9100,node exporter
19:02:36.569,0.000000,node_nfsd_disk_bytes_read_total,192.168.2.128:9100,node exporter
19:02:37.638,0.000000,node_nfsd_disk_bytes_read_total,192.168.2.128:9100,node exporter
19:02:38.711,0.000000,node_nfsd_disk_bytes_read_total,192.168.2.128:9100,node exporter
19:02:39.775,0.000000,node_nfsd_disk_bytes_read_total,192.168.2.128:9100,node exporter
19:02:40.891,0.000000,node_nfsd_disk_bytes_read_total,192.168.2.128:9100,node exporter
19:02:41.969,0.000000,node_nfsd_disk_bytes_read_total,192.168.2.128:9100,node exporter
19:02:43.052,0.000000,node_nfsd_disk_bytes_read_total,192.168.2.128:9100,node exporter
19:02:44.128,0.000000,node_nfsd_disk_bytes_read_total,192.168.2.128:9100,node exporter
19:02:45.239,0.000000,node_nfsd_disk_bytes_read_total,192.168.2.128:9100,node exporter
19:02:46.311,0.000000,node_nfsd_disk_bytes_read_total,192.168.2.128:9100,node exporter
19:02:47.385,0.000000,node_nfsd_disk_bytes_read_total,192.168.2.128:9100,node exporter
19:02:48.445,0.000000,node_nfsd_disk_bytes_read_total,192.168.2.128:9100,node exporter
19:02:49.561,0.000000,node_nfsd_disk_bytes_read_total,192.168.2.128:9100,node exporter
19:02:50.638,0.000000,node_nfsd_disk_bytes_read_total,192.168.2.128:9100,node exporter
19:02:51.711,0.000000,node_nfsd_disk_bytes_read_total,192.168.2.128:9100,node exporter
19:02:52.776,0.000000,node_nfsd_disk_bytes_read_total,192.168.2.128:9100,node exporter
19:02:53.881,0.000000,node_nfsd_disk_bytes_read_total,192.168.2.128:9100,node exporter
19:02:54.963,0.000000,node_nfsd_disk_bytes_read_total,192.168.2.128:9100,node exporter
19:02:56.052,0.000000,node_nfsd_disk_bytes_read_total,192.168.2.128:9100,node exporter
19:02:57.122,0.000000,node_nfsd_disk_bytes_read_total,192.168.2.128:9100,node exporter
19:02:58.246,0.000000,node_nfsd_disk_bytes_read_total,192.168.2.128:9100,node exporter
19:02:59.327,0.000000,node_nfsd_disk_bytes_read_total,192.168.2.128:9100,node exporter
19:03:00.393,0.000000,node_nfsd_disk_bytes_read_total,192.168.2.128:9100,node exporter
19:03:01.459,0.000000,node_nfsd_disk_bytes_read_total,192.168.2.128:9100,node exporter
19:03:02.561,0.000000,node_nfsd_disk_bytes_read_total,192.168.2.128:9100,node exporter
19:03:03.624,0.000000,node_nfsd_disk_bytes_read_total,192.168.2.128:9100,node exporter
19:03:04.692,0.000000,node_nfsd_disk_bytes_read_total,192.168.2.128:9100,node exporter
19:03:05.756,0.000000,node_nfsd_disk_bytes_read_total,192.168.2.128:9100,node exporter
19:03:06.864,0.000000,node_nfsd_disk_bytes_read_total,192.168.2.128:9100,node exporter
19:03:07.930,0.000000,node_nfsd_disk_bytes_read_total,192.168.2.128:9100,node exporter
19:03:08.997,0.000000,node_nfsd_disk_bytes_read_total,192.168.2.128:9100,node exporter
19:03:10.080,0.000000,node_nfsd_disk_bytes_read_total,192.168.2.128:9100,node exporter
19:03:11.210,0.000000,node_nfsd_disk_bytes_read_total,192.168.2.128:9100,node exporter
19:03:12.273,0.000000,node_nfsd_disk_bytes_read_total,192.168.2.128:9100,node exporter
19:03:13.341,0.000000,node_nfsd_disk_bytes_read_total,192.168.2.128:9100,node exporter
19:03:14.406,0.000000,node_nfsd_disk_bytes_read_total,192.168.2.128:9100,node exporter
19:03:15.526,0.000000,node_nfsd_disk_bytes_read_total,192.168.2.128:9100,node exporter
19:03:16.605,0.000000,node_nfsd_disk_bytes_read_total,192.168.2.128:9100,node exporter
19:03:17.663,0.000000,node_nfsd_disk_bytes_read_total,192.168.2.128:9100,node exporter
19:03:18.723,0.000000,node_nfsd_disk_bytes_read_total,192.168.2.128:9100,node exporter
19:03:19.841,0.000000,node_nfsd_disk_bytes_read_total,192.168.2.128:9100,node exporter
19:03:20.906,0.000000,node_nfsd_disk_bytes_read_total,192.168.2.128:9100,node exporter
19:03:21.968,0.000000,node_nfsd_disk_bytes_read_total,192.168.2.128:9100,node exporter
19:03:23.037,0.000000,node_nfsd_disk_bytes_read_total,192.168.2.128:9100,node exporter
19:03:24.160,0.000000,node_nfsd_disk_bytes_read_total,192.168.2.128:9100,node exporter
19:03:25.226,0.000000,node_nfsd_disk_bytes_read_total,192.168.2.128:9100,node exporter
19:03:26.289,0.000000,node_nfsd_disk_bytes_read_total,192.168.2.128:9100,node exporter
19:03:27.363,0.000000,node_nfsd_disk_bytes_read_total,192.168.2.128:9100,node exporter
19:03:28.452,0.000000,node_nfsd_disk_bytes_read_total,192.168.2.128:9100,node exporter
19:03:29.515,0.000000,node_nfsd_disk_bytes_read_total,192.168.2.128:9100,node exporter
19:03:30.574,0.000000,node_nfsd_disk_bytes_read_total,192.168.2.128:9100,node exporter
19:03:31.639,0.000000,node_nfsd_disk_bytes_read_total,192.168.2.128:9100,node exporter
19:03:32.731,0.000000,node_nfsd_disk_bytes_read_total,192.168.2.128:9100,node exporter
19:03:33.796,0.000000,node_nfsd_disk_bytes_read_total,192.168.2.128:9100,node exporter
19:03:34.855,0.000000,node_nfsd_disk_bytes_read_total,192.168.2.128:9100,node exporter
19:03:35.911,0.000000,node_nfsd_disk_bytes_read_total,192.168.2.128:9100,node exporter
19:03:37.011,0.000000,node_nfsd_disk_bytes_read_total,192.168.2.128:9100,node exporter
19:03:38.077,0.000000,node_nfsd_disk_bytes_read_total,192.168.2.128:9100,node exporter
19:03:39.144,0.000000,node_nfsd_disk_bytes_read_total,192.168.2.128:9100,node exporter
19:03:40.208,0.000000,node_nfsd_disk_bytes_read_total,192.168.2.128:9100,node exporter
19:03:41.304,0.000000,node_nfsd_disk_bytes_read_total,192.168.2.128:9100,node exporter
19:03:42.359,0.000000,node_nfsd_disk_bytes_read_total,192.168.2.128:9100,node exporter
19:03:43.431,0.000000,node_nfsd_disk_bytes_read_total,192.168.2.128:9100,node exporter
19:03:44.486,0.000000,node_nfsd_disk_bytes_read_total,192.168.2.128:9100,node exporter
19:03:45.582,0.000000,node_nfsd_disk_bytes_read_total,192.168.2.128:9100,node exporter
19:03:46.641,0.000000,node_nfsd_disk_bytes_read_total,192.168.2.128:9100,node exporter
19:03:47.698,0.000000,node_nfsd_disk_bytes_read_total,192.168.2.128:9100,node exporter
19:03:48.754,0.000000,node_nfsd_disk_bytes_read_total,192.168.2.128:9100,node exporter
19:03:49.808,0.000000,node_nfsd_disk_bytes_read_total,192.168.2.128:9100,node exporter
19:03:50.911,0.000000,node_nfsd_disk_bytes_read_total,192.168.2.128:9100,node exporter
19:03:51.970,0.000000,node_nfsd_disk_bytes_read_total,192.168.2.128:9100,node exporter
19:03:53.052,0.000000,node_nfsd_disk_bytes_read_total,192.168.2.128:9100,node exporter
19:03:54.141,0.000000,node_nfsd_disk_bytes_read_total,192.168.2.128:9100,node exporter
19:03:55.234,0.000000,node_nfsd_disk_bytes_read_total,192.168.2.128:9100,node exporter
19:03:56.290,0.000000,node_nfsd_disk_bytes_read_total,192.168.2.128:9100,node exporter
19:03:57.348,0.000000,node_nfsd_disk_bytes_read_total,192.168.2.128:9100,node exporter
19:03:58.405,0.000000,node_nfsd_disk_bytes_read_total,192.168.2.128:9100,node exporter
19:03:59.527,0.000000,node_nfsd_disk_bytes_read_total,192.168.2.128:9100,node exporter
19:04:00.579,0.000000,node_nfsd_disk_bytes_read_total,192.168.2.128:9100,node exporter
19:04:01.637,0.000000,node_nfsd_disk_bytes_read_total,192.168.2.128:9100,node exporter
19:04:02.694,0.000000,node_nfsd_disk_bytes_read_total,192.168.2.128:9100,node exporter
19:04:03.782,0.000000,node_nfsd_disk_bytes_read_total,192.168.2.128:9100,node exporter
19:04:04.843,0.000000,node_nfsd_disk_bytes_read_total,192.168.2.128:9100,node exporter
19:04:05.903,0.000000,node_nfsd_disk_bytes_read_total,192.168.2.128:9100,node exporter
19:04:06.962,0.000000,node_nfsd_disk_bytes_read_total,192.168.2.128:9100,node exporter
19:04:08.075,0.000000,node_nfsd_disk_bytes_read_total,192.168.2.128:9100,node exporter
19:04:09.142,0.000000,node_nfsd_disk_bytes_read_total,192.168.2.128:9100,node exporter
19:04:10.209,0.000000,node_nfsd_disk_bytes_read_total,192.168.2.128:9100,node exporter
19:04:11.269,0.000000,node_nfsd_disk_bytes_read_total,192.168.2.128:9100,node exporter
19:04:12.352,0.000000,node_nfsd_disk_bytes_read_total,192.168.2.128:9100,node exporter
19:04:13.409,0.000000,node_nfsd_disk_bytes_read_total,192.168.2.128:9100,node exporter
19:04:14.472,0.000000,node_nfsd_disk_bytes_read_total,192.168.2.128:9100,node exporter
19:04:15.536,0.000000,node_nfsd_disk_bytes_read_total,192.168.2.128:9100,node exporter
19:04:16.637,0.000000,node_nfsd_disk_bytes_read_total,192.168.2.128:9100,node exporter
19:04:17.694,0.000000,node_nfsd_disk_bytes_read_total,192.168.2.128:9100,node exporter
19:04:18.748,0.000000,node_nfsd_disk_bytes_read_total,192.168.2.128:9100,node exporter
