timestamp,value,__name__,device,instance,job
18:55:54.446,707182008.000000,node_network_receive_bytes_total,eth0,192.168.2.128:9100,node exporter
18:55:54.446,0.000000,node_network_receive_bytes_total,lo,192.168.2.128:9100,node exporter
18:55:55.546,707182898.000000,node_network_receive_bytes_total,eth0,192.168.2.128:9100,node exporter
18:55:55.546,0.000000,node_network_receive_bytes_total,lo,192.168.2.128:9100,node exporter
18:55:56.623,707183788.000000,node_network_receive_bytes_total,eth0,192.168.2.128:9100,node exporter
18:55:56.623,0.000000,node_network_receive_bytes_total,lo,192.168.2.128:9100,node exporter
18:55:57.715,707184678.000000,node_network_receive_bytes_total,eth0,192.168.2.128:9100,node exporter
18:55:57.715,0.000000,node_network_receive_bytes_total,lo,192.168.2.128:9100,node exporter
18:55:58.894,707185568.000000,node_network_receive_bytes_total,eth0,192.168.2.128:9100,node exporter
18:55:58.894,0.000000,node_network_receive_bytes_total,lo,192.168.2.128:9100,node exporter
18:55:59.985,707186458.000000,node_network_receive_bytes_total,eth0,192.168.2.128:9100,node exporter
18:55:59.985,0.000000,node_network_receive_bytes_total,lo,192.168.2.128:9100,node exporter
18:56:01.075,707188238.000000,node_network_receive_bytes_total,eth0,192.168.2.128:9100,node exporter
18:56:01.075,0.000000,node_network_receive_bytes_total,lo,192.168.2.128:9100,node exporter
18:56:02.167,707189128.000000,node_network_receive_bytes_total,eth0,192.168.2.128:9100,node exporter
18:56:02.167,0.000000,node_network_receive_bytes_total,lo,192.168.2.128:9100,node exporter
18:56:03.261,707190018.000000,node_network_receive_bytes_total,eth0,192.168.2.128:9100,node exporter
18:56:03.261,0.000000,node_network_receive_bytes_total,lo,192.168.2.128:9100,node exporter
18:56:04.338,707190908.000000,node_network_receive_bytes_total,eth0,192.168.2.128:9100,node exporter
18:56:04.338,0.000000,node_network_receive_bytes_total,lo,192.168.2.128:9100,node exporter
18:56:05.410,707191798.000000,node_network_receive_bytes_total,eth0,192.168.2.128:9100,node exporter
18:56:05.410,0.000000,node_network_receive_bytes_total,lo,192.168.2.128:9100,node exporter
18:56:06.605,707192688.000000,node_network_receive_bytes_total,eth0,192.168.2.128:9100,node exporter
18:56:06.605,0.000000,node_network_receive_bytes_total,lo,192.168.2.128:9100,node exporter
18:56:07.675,707193578.000000,node_network_receive_bytes_total,eth0,192.168.2.128:9100,node exporter
18:56:07.675,0.000000,node_network_receive_bytes_total,lo,192.168.2.128:9100,node exporter
18:56:08.742,707194468.000000,node_network_receive_bytes_total,eth0,192.168.2.128:9100,node exporter
18:56:08.742,0.000000,node_network_receive_bytes_total,lo,192.168.2.128:9100,node exporter
18:56:09.818,707195358.000000,node_network_receive_bytes_total,eth0,192.168.2.128:9100,node exporter
18:56:09.818,0.000000,node_network_receive_bytes_total,lo,192.168.2.128:9100,node exporter
18:56:10.889,707196248.000000,node_network_receive_bytes_total,eth0,192.168.2.128:9100,node exporter
18:56:10.889,0.000000,node_network_receive_bytes_total,lo,192.168.2.128:9100,node exporter
18:56:11.964,707197138.000000,node_network_receive_bytes_total,eth0,192.168.2.128:9100,node exporter
18:56:11.964,0.000000,node_network_receive_bytes_total,lo,192.168.2.128:9100,node exporter
18:56:13.055,707198028.000000,node_network_receive_bytes_total,eth0,192.168.2.128:9100,node exporter
18:56:13.055,0.000000,node_network_receive_bytes_total,lo,192.168.2.128:9100,node exporter
18:56:14.273,707199808.000000,node_network_receive_bytes_total,eth0,192.168.2.128:9100,node exporter
18:56:14.273,0.000000,node_network_receive_bytes_total,lo,192.168.2.128:9100,node exporter
18:56:15.360,707200698.000000,node_network_receive_bytes_total,eth0,192.168.2.128:9100,node exporter
18:56:15.360,0.000000,node_network_receive_bytes_total,lo,192.168.2.128:9100,node exporter
18:56:16.439,707201588.000000,node_network_receive_bytes_total,eth0,192.168.2.128:9100,node exporter
18:56:16.439,0.000000,node_network_receive_bytes_total,lo,192.168.2.128:9100,node exporter
18:56:17.505,707202478.000000,node_network_receive_bytes_total,eth0,192.168.2.128:9100,node exporter
18:56:17.505,0.000000,node_network_receive_bytes_total,lo,192.168.2.128:9100,node exporter
18:56:18.870,707203368.000000,node_network_receive_bytes_total,eth0,192.168.2.128:9100,node exporter
18:56:18.870,0.000000,node_network_receive_bytes_total,lo,192.168.2.128:9100,node exporter
18:56:19.969,707204258.000000,node_network_receive_bytes_total,eth0,192.168.2.128:9100,node exporter
18:56:19.969,0.000000,node_network_receive_bytes_total,lo,192.168.2.128:9100,node exporter
18:56:21.078,707206038.000000,node_network_receive_bytes_total,eth0,192.168.2.128:9100,node exporter
18:56:21.078,0.000000,node_network_receive_bytes_total,lo,192.168.2.128:9100,node exporter
18:56:22.200,707206928.000000,node_network_receive_bytes_total,eth0,192.168.2.128:9100,node exporter
18:56:22.200,0.000000,node_network_receive_bytes_total,lo,192.168.2.128:9100,node exporter
18:56:23.304,707207818.000000,node_network_receive_bytes_total,eth0,192.168.2.128:9100,node exporter
18:56:23.304,0.000000,node_network_receive_bytes_total,lo,192.168.2.128:9100,node exporter
18:56:24.903,707208708.000000,node_network_receive_bytes_total,eth0,192.168.2.128:9100,node exporter
18:56:24.903,0.000000,node_network_receive_bytes_total,lo,192.168.2.128:9100,node exporter
18:56:26.164,707210488.000000,node_network_receive_bytes_total,eth0,192.168.2.128:9100,node exporter
18:56:26.164,0.000000,node_network_receive_bytes_total,lo,192.168.2.128:9100,node exporter
18:56:27.986,707211378.000000,node_network_receive_bytes_total,eth0,192.168.2.128:9100,node exporter
18:56:27.986,0.000000,node_network_receive_bytes_total,lo,192.168.2.128:9100,node exporter
18:56:29.214,707213158.000000,node_network_receive_bytes_total,eth0,192.168.2.128:9100,node exporter
18:56:29.214,0.000000,node_network_receive_bytes_total,lo,192.168.2.128:9100,node exporter
18:56:30.416,707214048.000000,node_network_receive_bytes_total,eth0,192.168.2.128:9100,node exporter
18:56:30.416,0.000000,node_network_receive_bytes_total,lo,192.168.2.128:9100,node exporter
18:56:31.600,707214938.000000,node_network_receive_bytes_total,eth0,192.168.2.128:9100,node exporter
18:56:31.600,0.000000,node_network_receive_bytes_total,lo,192.168.2.128:9100,node exporter
18:56:33.091,707215828.000000,node_network_receive_bytes_total,eth0,192.168.2.128:9100,node exporter
18:56:33.091,0.000000,node_network_receive_bytes_total,lo,192.168.2.128:9100,node exporter
18:56:34.404,707217608.000000,node_network_receive_bytes_total,eth0,192.168.2.128:9100,node exporter
18:56:34.404,0.000000,node_network_receive_bytes_total,lo,192.168.2.128:9100,node exporter
18:56:35.735,707218498.000000,node_network_receive_bytes_total,eth0,192.168.2.128:9100,node exporter
18:56:35.735,0.000000,node_network_receive_bytes_total,lo,192.168.2.128:9100,node exporter
18:56:37.013,707219388.000000,node_network_receive_bytes_total,eth0,192.168.2.128:9100,node exporter
18:56:37.013,0.000000,node_network_receive_bytes_total,lo,192.168.2.128:9100,node exporter
18:56:38.200,707221168.000000,node_network_receive_bytes_total,eth0,192.168.2.128:9100,node exporter
18:56:38.200,0.000000,node_network_receive_bytes_total,lo,192.168.2.128:9100,node exporter
18:56:39.351,707222058.000000,node_network_receive_bytes_total,eth0,192.168.2.128:9100,node exporter
18:56:39.351,0.000000,node_network_receive_bytes_total,lo,192.168.2.128:9100,node exporter
18:56:40.577,707222948.000000,node_network_receive_bytes_total,eth0,192.168.2.128:9100,node exporter
18:56:40.577,0.000000,node_network_receive_bytes_total,lo,192.168.2.128:9100,node exporter
18:56:41.779,707223838.000000,node_network_receive_bytes_total,eth0,192.168.2.128:9100,node exporter
18:56:41.779,0.000000,node_network_receive_bytes_total,lo,192.168.2.128:9100,node exporter
18:56:43.278,707225618.000000,node_network_receive_bytes_total,eth0,192.168.2.128:9100,node exporter
18:56:43.278,0.000000,node_network_receive_bytes_total,lo,192.168.2.128:9100,node exporter
18:56:44.476,707226508.000000,node_network_receive_bytes_total,eth0,192.168.2.128:9100,node exporter
18:56:44.476,0.000000,node_network_receive_bytes_total,lo,192.168.2.128:9100,node exporter
18:56:45.666,707227398.000000,node_network_receive_bytes_total,eth0,192.168.2.128:9100,node exporter
18:56:45.666,0.000000,node_network_receive_bytes_total,lo,192.168.2.128:9100,node exporter
18:56:46.892,707228288.000000,node_network_receive_bytes_total,eth0,192.168.2.128:9100,node exporter
18:56:46.892,0.000000,node_network_receive_bytes_total,lo,192.168.2.128:9100,node exporter
18:56:48.144,707230068.000000,node_network_receive_bytes_total,eth0,192.168.2.128:9100,node exporter
18:56:48.144,0.000000,node_network_receive_bytes_total,lo,192.168.2.128:9100,node exporter
18:56:49.376,707230958.000000,node_network_receive_bytes_total,eth0,192.168.2.128:9100,node exporter
18:56:49.376,0.000000,node_network_receive_bytes_total,lo,192.168.2.128:9100,node exporter
18:56:50.659,707231848.000000,node_network_receive_bytes_total,eth0,192.168.2.128:9100,node exporter
18:56:50.659,0.000000,node_network_receive_bytes_total,lo,192.168.2.128:9100,node exporter
18:56:52.087,707233628.000000,node_network_receive_bytes_total,eth0,192.168.2.128:9100,node exporter
18:56:52.087,0.000000,node_network_receive_bytes_total,lo,192.168.2.128:9100,node exporter
18:56:53.287,707234518.000000,node_network_receive_bytes_total,eth0,192.168.2.128:9100,node exporter
18:56:53.287,0.000000,node_network_receive_bytes_total,lo,192.168.2.128:9100,node exporter
18:56:54.741,707235408.000000,node_network_receive_bytes_total,eth0,192.168.2.128:9100,node exporter
18:56:54.741,0.000000,node_network_receive_bytes_total,lo,192.168.2.128:9100,node exporter
18:56:55.900,707236298.000000,node_network_receive_bytes_total,eth0,192.168.2.128:9100,node exporter
18:56:55.900,0.000000,node_network_receive_bytes_total,lo,192.168.2.128:9100,node exporter
18:56:57.109,707238078.000000,node_network_receive_bytes_total,eth0,192.168.2.128:9100,node exporter
18:56:57.109,0.000000,node_network_receive_bytes_total,lo,192.168.2.128:9100,node exporter
18:56:58.348,707238968.000000,node_network_receive_bytes_total,eth0,192.168.2.128:9100,node exporter
18:56:58.348,0.000000,node_network_receive_bytes_total,lo,192.168.2.128:9100,node exporter
18:56:59.813,707239858.000000,node_network_receive_bytes_total,eth0,192.168.2.128:9100,node exporter
18:56:59.813,0.000000,node_network_receive_bytes_total,lo,192.168.2.128:9100,node exporter
18:57:01.012,707240748.000000,node_network_receive_bytes_total,eth0,192.168.2.128:9100,node exporter
18:57:01.012,0.000000,node_network_receive_bytes_total,lo,192.168.2.128:9100,node exporter
18:57:02.219,707242528.000000,node_network_receive_bytes_total,eth0,192.168.2.128:9100,node exporter
18:57:02.219,0.000000,node_network_receive_bytes_total,lo,192.168.2.128:9100,node exporter
18:57:03.619,707243418.000000,node_network_receive_bytes_total,eth0,192.168.2.128:9100,node exporter
18:57:03.619,0.000000,node_network_receive_bytes_total,lo,192.168.2.128:9100,node exporter
18:57:04.786,707244308.000000,node_network_receive_bytes_total,eth0,192.168.2.128:9100,node exporter
18:57:04.786,0.000000,node_network_receive_bytes_total,lo,192.168.2.128:9100,node exporter
18:57:05.980,707245198.000000,node_network_receive_bytes_total,eth0,192.168.2.128:9100,node exporter
18:57:05.980,0.000000,node_network_receive_bytes_total,lo,192.168.2.128:9100,node exporter
18:57:07.315,707246978.000000,node_network_receive_bytes_total,eth0,192.168.2.128:9100,node exporter
18:57:07.315,0.000000,node_network_receive_bytes_total,lo,192.168.2.128:9100,node exporter
18:57:08.797,707247868.000000,node_network_receive_bytes_total,eth0,192.168.2.128:9100,node exporter
18:57:08.797,0.000000,node_network_receive_bytes_total,lo,192.168.2.128:9100,node exporter
18:57:10.021,707248758.000000,node_network_receive_bytes_total,eth0,192.168.2.128:9100,node exporter
18:57:10.021,0.000000,node_network_receive_bytes_total,lo,192.168.2.128:9100,node exporter
18:57:11.254,707250538.000000,node_network_receive_bytes_total,eth0,192.168.2.128:9100,node exporter
18:57:11.254,0.000000,node_network_receive_bytes_total,lo,192.168.2.128:9100,node exporter
18:57:12.453,707251428.000000,node_network_receive_bytes_total,eth0,192.168.2.128:9100,node exporter
18:57:12.453,0.000000,node_network_receive_bytes_total,lo,192.168.2.128:9100,node exporter
18:57:13.823,707252318.000000,node_network_receive_bytes_total,eth0,192.168.2.128:9100,node exporter
18:57:13.823,0.000000,node_network_receive_bytes_total,lo,192.168.2.128:9100,node exporter
18:57:15.072,707254098.000000,node_network_receive_bytes_total,eth0,192.168.2.128:9100,node exporter
18:57:15.072,0.000000,node_network_receive_bytes_total,lo,192.168.2.128:9100,node exporter
18:57:16.452,707254988.000000,node_network_receive_bytes_total,eth0,192.168.2.128:9100,node exporter
18:57:16.452,0.000000,node_network_receive_bytes_total,lo,192.168.2.128:9100,node exporter
18:57:17.550,707255878.000000,node_network_receive_bytes_total,eth0,192.168.2.128:9100,node exporter
18:57:17.550,0.000000,node_network_receive_bytes_total,lo,192.168.2.128:9100,node exporter
18:57:18.633,707256768.000000,node_network_receive_bytes_total,eth0,192.168.2.128:9100,node exporter
18:57:18.633,0.000000,node_network_receive_bytes_total,lo,192.168.2.128:9100,node exporter
18:57:19.718,707257658.000000,node_network_receive_bytes_total,eth0,192.168.2.128:9100,node exporter
18:57:19.718,0.000000,node_network_receive_bytes_total,lo,192.168.2.128:9100,node exporter
18:57:20.889,707258548.000000,node_network_receive_bytes_total,eth0,192.168.2.128:9100,node exporter
18:57:20.889,0.000000,node_network_receive_bytes_total,lo,192.168.2.128:9100,node exporter
18:57:22.085,707260328.000000,node_network_receive_bytes_total,eth0,192.168.2.128:9100,node exporter
18:57:22.085,0.000000,node_network_receive_bytes_total,lo,192.168.2.128:9100,node exporter
18:57:23.195,707261218.000000,node_network_receive_bytes_total,eth0,192.168.2.128:9100,node exporter
18:57:23.195,0.000000,node_network_receive_bytes_total,lo,192.168.2.128:9100,node exporter
18:57:24.307,707262108.000000,node_network_receive_bytes_total,eth0,192.168.2.128:9100,node exporter
18:57:24.307,0.000000,node_network_receive_bytes_total,lo,192.168.2.128:9100,node exporter
18:57:25.584,707262998.000000,node_network_receive_bytes_total,eth0,192.168.2.128:9100,node exporter
18:57:25.584,0.000000,node_network_receive_bytes_total,lo,192.168.2.128:9100,node exporter
18:57:26.670,707263888.000000,node_network_receive_bytes_total,eth0,192.168.2.128:9100,node exporter
18:57:26.670,0.000000,node_network_receive_bytes_total,lo,192.168.2.128:9100,node exporter
18:57:27.806,707264778.000000,node_network_receive_bytes_total,eth0,192.168.2.128:9100,node exporter
18:57:27.806,0.000000,node_network_receive_bytes_total,lo,192.168.2.128:9100,node exporter
18:57:28.885,707265668.000000,node_network_receive_bytes_total,eth0,192.168.2.128:9100,node exporter
18:57:28.885,0.000000,node_network_receive_bytes_total,lo,192.168.2.128:9100,node exporter
18:57:29.985,707266558.000000,node_network_receive_bytes_total,eth0,192.168.2.128:9100,node exporter
18:57:29.985,0.000000,node_network_receive_bytes_total,lo,192.168.2.128:9100,node exporter
18:57:31.127,707268338.000000,node_network_receive_bytes_total,eth0,192.168.2.128:9100,node exporter
18:57:31.127,0.000000,node_network_receive_bytes_total,lo,192.168.2.128:9100,node exporter
18:57:32.211,707269228.000000,node_network_receive_bytes_total,eth0,192.168.2.128:9100,node exporter
18:57:32.211,0.000000,node_network_receive_bytes_total,lo,192.168.2.128:9100,node exporter
18:57:33.297,707270118.000000,node_network_receive_bytes_total,eth0,192.168.2.128:9100,node exporter
18:57:33.297,0.000000,node_network_receive_bytes_total,lo,192.168.2.128:9100,node exporter
18:57:34.390,707271008.000000,node_network_receive_bytes_total,eth0,192.168.2.128:9100,node exporter
18:57:34.390,0.000000,node_network_receive_bytes_total,lo,192.168.2.128:9100,node exporter
18:57:36.110,707272788.000000,node_network_receive_bytes_total,eth0,192.168.2.128:9100,node exporter
18:57:36.110,0.000000,node_network_receive_bytes_total,lo,192.168.2.128:9100,node exporter
18:57:37.412,707273678.000000,node_network_receive_bytes_total,eth0,192.168.2.128:9100,node exporter
18:57:37.412,0.000000,node_network_receive_bytes_total,lo,192.168.2.128:9100,node exporter
18:57:38.754,707274568.000000,node_network_receive_bytes_total,eth0,192.168.2.128:9100,node exporter
18:57:38.754,0.000000,node_network_receive_bytes_total,lo,192.168.2.128:9100,node exporter
18:57:40.377,707276348.000000,node_network_receive_bytes_total,eth0,192.168.2.128:9100,node exporter
18:57:40.377,0.000000,node_network_receive_bytes_total,lo,192.168.2.128:9100,node exporter
18:57:41.664,707277238.000000,node_network_receive_bytes_total,eth0,192.168.2.128:9100,node exporter
18:57:41.664,0.000000,node_network_receive_bytes_total,lo,192.168.2.128:9100,node exporter
18:57:43.050,707279018.000000,node_network_receive_bytes_total,eth0,192.168.2.128:9100,node exporter
18:57:43.050,0.000000,node_network_receive_bytes_total,lo,192.168.2.128:9100,node exporter
18:57:44.216,707279908.000000,node_network_receive_bytes_total,eth0,192.168.2.128:9100,node exporter
18:57:44.216,0.000000,node_network_receive_bytes_total,lo,192.168.2.128:9100,node exporter
18:57:45.840,707280798.000000,node_network_receive_bytes_total,eth0,192.168.2.128:9100,node exporter
18:57:45.840,0.000000,node_network_receive_bytes_total,lo,192.168.2.128:9100,node exporter
18:57:47.092,707282578.000000,node_network_receive_bytes_total,eth0,192.168.2.128:9100,node exporter
18:57:47.092,0.000000,node_network_receive_bytes_total,lo,192.168.2.128:9100,node exporter
18:57:48.463,707283468.000000,node_network_receive_bytes_total,eth0,192.168.2.128:9100,node exporter
18:57:48.463,0.000000,node_network_receive_bytes_total,lo,192.168.2.128:9100,node exporter
18:57:49.578,707284358.000000,node_network_receive_bytes_total,eth0,192.168.2.128:9100,node exporter
18:57:49.578,0.000000,node_network_receive_bytes_total,lo,192.168.2.128:9100,node exporter
18:57:51.086,707286138.000000,node_network_receive_bytes_total,eth0,192.168.2.128:9100,node exporter
18:57:51.086,0.000000,node_network_receive_bytes_total,lo,192.168.2.128:9100,node exporter
18:57:52.453,707287028.000000,node_network_receive_bytes_total,eth0,192.168.2.128:9100,node exporter
18:57:52.453,0.000000,node_network_receive_bytes_total,lo,192.168.2.128:9100,node exporter
18:57:53.625,707287918.000000,node_network_receive_bytes_total,eth0,192.168.2.128:9100,node exporter
18:57:53.625,0.000000,node_network_receive_bytes_total,lo,192.168.2.128:9100,node exporter
18:57:54.968,707288808.000000,node_network_receive_bytes_total,eth0,192.168.2.128:9100,node exporter
18:57:54.968,0.000000,node_network_receive_bytes_total,lo,192.168.2.128:9100,node exporter
18:57:56.229,707290630.000000,node_network_receive_bytes_total,eth0,192.168.2.128:9100,node exporter
18:57:56.229,0.000000,node_network_receive_bytes_total,lo,192.168.2.128:9100,node exporter
18:57:57.486,707291562.000000,node_network_receive_bytes_total,eth0,192.168.2.128:9100,node exporter
18:57:57.486,0.000000,node_network_receive_bytes_total,lo,192.168.2.128:9100,node exporter
18:57:58.786,707292536.000000,node_network_receive_bytes_total,eth0,192.168.2.128:9100,node exporter
18:57:58.786,0.000000,node_network_receive_bytes_total,lo,192.168.2.128:9100,node exporter
18:58:00.084,707293468.000000,node_network_receive_bytes_total,eth0,192.168.2.128:9100,node exporter
18:58:00.084,0.000000,node_network_receive_bytes_total,lo,192.168.2.128:9100,node exporter
18:58:01.397,707295248.000000,node_network_receive_bytes_total,eth0,192.168.2.128:9100,node exporter
18:58:01.397,0.000000,node_network_receive_bytes_total,lo,192.168.2.128:9100,node exporter
18:58:02.680,707296138.000000,node_network_receive_bytes_total,eth0,192.168.2.128:9100,node exporter
18:58:02.680,0.000000,node_network_receive_bytes_total,lo,192.168.2.128:9100,node exporter
18:58:03.980,707297028.000000,node_network_receive_bytes_total,eth0,192.168.2.128:9100,node exporter
18:58:03.980,0.000000,node_network_receive_bytes_total,lo,192.168.2.128:9100,node exporter
18:58:05.208,707298808.000000,node_network_receive_bytes_total,eth0,192.168.2.128:9100,node exporter
18:58:05.208,0.000000,node_network_receive_bytes_total,lo,192.168.2.128:9100,node exporter
18:58:06.456,707299698.000000,node_network_receive_bytes_total,eth0,192.168.2.128:9100,node exporter
18:58:06.456,0.000000,node_network_receive_bytes_total,lo,192.168.2.128:9100,node exporter
18:58:07.793,707300588.000000,node_network_receive_bytes_total,eth0,192.168.2.128:9100,node exporter
18:58:07.793,0.000000,node_network_receive_bytes_total,lo,192.168.2.128:9100,node exporter
18:58:09.043,707302368.000000,node_network_receive_bytes_total,eth0,192.168.2.128:9100,node exporter
18:58:09.043,0.000000,node_network_receive_bytes_total,lo,192.168.2.128:9100,node exporter
18:58:10.178,707303258.000000,node_network_receive_bytes_total,eth0,192.168.2.128:9100,node exporter
18:58:10.178,0.000000,node_network_receive_bytes_total,lo,192.168.2.128:9100,node exporter
18:58:11.614,707304190.000000,node_network_receive_bytes_total,eth0,192.168.2.128:9100,node exporter
18:58:11.614,0.000000,node_network_receive_bytes_total,lo,192.168.2.128:9100,node exporter
18:58:12.783,707305080.000000,node_network_receive_bytes_total,eth0,192.168.2.128:9100,node exporter
18:58:12.783,0.000000,node_network_receive_bytes_total,lo,192.168.2.128:9100,node exporter
18:58:13.902,707305970.000000,node_network_receive_bytes_total,eth0,192.168.2.128:9100,node exporter
18:58:13.902,0.000000,node_network_receive_bytes_total,lo,192.168.2.128:9100,node exporter
18:58:15.119,707306860.000000,node_network_receive_bytes_total,eth0,192.168.2.128:9100,node exporter
18:58:15.119,0.000000,node_network_receive_bytes_total,lo,192.168.2.128:9100,node exporter
18:58:16.306,707308640.000000,node_network_receive_bytes_total,eth0,192.168.2.128:9100,node exporter
18:58:16.306,0.000000,node_network_receive_bytes_total,lo,192.168.2.128:9100,node exporter
18:58:17.690,707309530.000000,node_network_receive_bytes_total,eth0,192.168.2.128:9100,node exporter
18:58:17.690,0.000000,node_network_receive_bytes_total,lo,192.168.2.128:9100,node exporter
18:58:18.825,707310420.000000,node_network_receive_bytes_total,eth0,192.168.2.128:9100,node exporter
18:58:18.825,0.000000,node_network_receive_bytes_total,lo,192.168.2.128:9100,node exporter
18:58:19.961,707311310.000000,node_network_receive_bytes_total,eth0,192.168.2.128:9100,node exporter
18:58:19.961,0.000000,node_network_receive_bytes_total,lo,192.168.2.128:9100,node exporter
18:58:21.139,707313090.000000,node_network_receive_bytes_total,eth0,192.168.2.128:9100,node exporter
18:58:21.139,0.000000,node_network_receive_bytes_total,lo,192.168.2.128:9100,node exporter
18:58:22.402,707313980.000000,node_network_receive_bytes_total,eth0,192.168.2.128:9100,node exporter
18:58:22.402,0.000000,node_network_receive_bytes_total,lo,192.168.2.128:9100,node exporter
18:58:23.506,707314870.000000,node_network_receive_bytes_total,eth0,192.168.2.128:9100,node exporter
18:58:23.506,0.000000,node_network_receive_bytes_total,lo,192.168.2.128:9100,node exporter
18:58:24.646,707315760.000000,node_network_receive_bytes_total,eth0,192.168.2.128:9100,node exporter
18:58:24.646,0.000000,node_network_receive_bytes_total,lo,192.168.2.128:9100,node exporter
18:58:26.458,707317540.000000,node_network_receive_bytes_total,eth0,192.168.2.128:9100,node exporter
18:58:26.458,0.000000,node_network_receive_bytes_total,lo,192.168.2.128:9100,node exporter
18:58:27.551,707318430.000000,node_network_receive_bytes_total,eth0,192.168.2.128:9100,node exporter
18:58:27.551,0.000000,node_network_receive_bytes_total,lo,192.168.2.128:9100,node exporter
18:58:28.919,707319320.000000,node_network_receive_bytes_total,eth0,192.168.2.128:9100,node exporter
18:58:28.919,0.000000,node_network_receive_bytes_total,lo,192.168.2.128:9100,node exporter
18:58:30.078,707321100.000000,node_network_receive_bytes_total,eth0,192.168.2.128:9100,node exporter
18:58:30.078,0.000000,node_network_receive_bytes_total,lo,192.168.2.128:9100,node exporter
18:58:31.222,707321990.000000,node_network_receive_bytes_total,eth0,192.168.2.128:9100,node exporter
18:58:31.222,0.000000,node_network_receive_bytes_total,lo,192.168.2.128:9100,node exporter
18:58:32.614,707322880.000000,node_network_receive_bytes_total,eth0,192.168.2.128:9100,node exporter
18:58:32.614,0.000000,node_network_receive_bytes_total,lo,192.168.2.128:9100,node exporter
18:58:33.772,707323770.000000,node_network_receive_bytes_total,eth0,192.168.2.128:9100,node exporter
18:58:33.772,0.000000,node_network_receive_bytes_total,lo,192.168.2.128:9100,node exporter
18:58:35.144,707325550.000000,node_network_receive_bytes_total,eth0,192.168.2.128:9100,node exporter
18:58:35.144,0.000000,node_network_receive_bytes_total,lo,192.168.2.128:9100,node exporter
18:58:36.263,707326440.000000,node_network_receive_bytes_total,eth0,192.168.2.128:9100,node exporter
18:58:36.263,0.000000,node_network_receive_bytes_total,lo,192.168.2.128:9100,node exporter
18:58:37.585,707327330.000000,node_network_receive_bytes_total,eth0,192.168.2.128:9100,node exporter
18:58:37.585,0.000000,node_network_receive_bytes_total,lo,192.168.2.128:9100,node exporter
18:58:38.739,707328220.000000,node_network_receive_bytes_total,eth0,192.168.2.128:9100,node exporter
18:58:38.739,0.000000,node_network_receive_bytes_total,lo,192.168.2.128:9100,node exporter
18:58:40.016,707329110.000000,node_network_receive_bytes_total,eth0,192.168.2.128:9100,node exporter
18:58:40.016,0.000000,node_network_receive_bytes_total,lo,192.168.2.128:9100,node exporter
18:58:41.584,707330890.000000,node_network_receive_bytes_total,eth0,192.168.2.128:9100,node exporter
18:58:41.584,0.000000,node_network_receive_bytes_total,lo,192.168.2.128:9100,node exporter
18:58:42.711,707331780.000000,node_network_receive_bytes_total,eth0,192.168.2.128:9100,node exporter
18:58:42.711,0.000000,node_network_receive_bytes_total,lo,192.168.2.128:9100,node exporter
18:58:43.836,707332670.000000,node_network_receive_bytes_total,eth0,192.168.2.128:9100,node exporter
18:58:43.836,0.000000,node_network_receive_bytes_total,lo,192.168.2.128:9100,node exporter
18:58:44.950,707333560.000000,node_network_receive_bytes_total,eth0,192.168.2.128:9100,node exporter
18:58:44.950,0.000000,node_network_receive_bytes_total,lo,192.168.2.128:9100,node exporter
18:58:46.128,707335340.000000,node_network_receive_bytes_total,eth0,192.168.2.128:9100,node exporter
18:58:46.128,0.000000,node_network_receive_bytes_total,lo,192.168.2.128:9100,node exporter
18:58:47.305,707336230.000000,node_network_receive_bytes_total,eth0,192.168.2.128:9100,node exporter
18:58:47.305,0.000000,node_network_receive_bytes_total,lo,192.168.2.128:9100,node exporter
18:58:48.747,707337162.000000,node_network_receive_bytes_total,eth0,192.168.2.128:9100,node exporter
18:58:48.747,0.000000,node_network_receive_bytes_total,lo,192.168.2.128:9100,node exporter
18:58:49.875,707338052.000000,node_network_receive_bytes_total,eth0,192.168.2.128:9100,node exporter
18:58:49.875,0.000000,node_network_receive_bytes_total,lo,192.168.2.128:9100,node exporter
18:58:51.400,707339832.000000,node_network_receive_bytes_total,eth0,192.168.2.128:9100,node exporter
18:58:51.400,0.000000,node_network_receive_bytes_total,lo,192.168.2.128:9100,node exporter
18:58:52.637,707340722.000000,node_network_receive_bytes_total,eth0,192.168.2.128:9100,node exporter
18:58:52.637,0.000000,node_network_receive_bytes_total,lo,192.168.2.128:9100,node exporter
18:58:53.759,707341612.000000,node_network_receive_bytes_total,eth0,192.168.2.128:9100,node exporter
18:58:53.759,0.000000,node_network_receive_bytes_total,lo,192.168.2.128:9100,node exporter
18:58:54.885,707342502.000000,node_network_receive_bytes_total,eth0,192.168.2.128:9100,node exporter
18:58:54.885,0.000000,node_network_receive_bytes_total,lo,192.168.2.128:9100,node exporter
18:58:56.070,707344282.000000,node_network_receive_bytes_total,eth0,192.168.2.128:9100,node exporter
18:58:56.070,0.000000,node_network_receive_bytes_total,lo,192.168.2.128:9100,node exporter
18:58:57.223,707345172.000000,node_network_receive_bytes_total,eth0,192.168.2.128:9100,node exporter
18:58:57.223,0.000000,node_network_receive_bytes_total,lo,192.168.2.128:9100,node exporter
18:58:58.427,707346062.000000,node_network_receive_bytes_total,eth0,192.168.2.128:9100,node exporter
18:58:58.427,0.000000,node_network_receive_bytes_total,lo,192.168.2.128:9100,node exporter
18:58:59.540,707346952.000000,node_network_receive_bytes_total,eth0,192.168.2.128:9100,node exporter
18:58:59.540,0.000000,node_network_receive_bytes_total,lo,192.168.2.128:9100,node exporter
18:59:00.642,707347842.000000,node_network_receive_bytes_total,eth0,192.168.2.128:9100,node exporter
18:59:00.642,0.000000,node_network_receive_bytes_total,lo,192.168.2.128:9100,node exporter
18:59:01.748,707348732.000000,node_network_receive_bytes_total,eth0,192.168.2.128:9100,node exporter
18:59:01.748,0.000000,node_network_receive_bytes_total,lo,192.168.2.128:9100,node exporter
18:59:02.851,707349622.000000,node_network_receive_bytes_total,eth0,192.168.2.128:9100,node exporter
18:59:02.851,0.000000,node_network_receive_bytes_total,lo,192.168.2.128:9100,node exporter
18:59:03.949,707350512.000000,node_network_receive_bytes_total,eth0,192.168.2.128:9100,node exporter
18:59:03.949,0.000000,node_network_receive_bytes_total,lo,192.168.2.128:9100,node exporter
18:59:05.165,707352292.000000,node_network_receive_bytes_total,eth0,192.168.2.128:9100,node exporter
18:59:05.165,0.000000,node_network_receive_bytes_total,lo,192.168.2.128:9100,node exporter
18:59:06.259,707353182.000000,node_network_receive_bytes_total,eth0,192.168.2.128:9100,node exporter
18:59:06.259,0.000000,node_network_receive_bytes_total,lo,192.168.2.128:9100,node exporter
18:59:07.356,707354072.000000,node_network_receive_bytes_total,eth0,192.168.2.128:9100,node exporter
18:59:07.356,0.000000,node_network_receive_bytes_total,lo,192.168.2.128:9100,node exporter
18:59:08.462,707354962.000000,node_network_receive_bytes_total,eth0,192.168.2.128:9100,node exporter
18:59:08.462,0.000000,node_network_receive_bytes_total,lo,192.168.2.128:9100,node exporter
18:59:09.565,707355852.000000,node_network_receive_bytes_total,eth0,192.168.2.128:9100,node exporter
18:59:09.565,0.000000,node_network_receive_bytes_total,lo,192.168.2.128:9100,node exporter
18:59:10.663,707356742.000000,node_network_receive_bytes_total,eth0,192.168.2.128:9100,node exporter
18:59:10.663,0.000000,node_network_receive_bytes_total,lo,192.168.2.128:9100,node exporter
18:59:11.834,707357632.000000,node_network_receive_bytes_total,eth0,192.168.2.128:9100,node exporter
18:59:11.834,0.000000,node_network_receive_bytes_total,lo,192.168.2.128:9100,node exporter
18:59:12.930,707358522.000000,node_network_receive_bytes_total,eth0,192.168.2.128:9100,node exporter
18:59:12.930,0.000000,node_network_receive_bytes_total,lo,192.168.2.128:9100,node exporter
18:59:14.045,707359412.000000,node_network_receive_bytes_total,eth0,192.168.2.128:9100,node exporter
18:59:14.045,0.000000,node_network_receive_bytes_total,lo,192.168.2.128:9100,node exporter
18:59:15.172,707361192.000000,node_network_receive_bytes_total,eth0,192.168.2.128:9100,node exporter
18:59:15.172,0.000000,node_network_receive_bytes_total,lo,192.168.2.128:9100,node exporter
18:59:16.268,707362082.000000,node_network_receive_bytes_total,eth0,192.168.2.128:9100,node exporter
18:59:16.268,0.000000,node_network_receive_bytes_total,lo,192.168.2.128:9100,node exporter
18:59:17.360,707362972.000000,node_network_receive_bytes_total,eth0,192.168.2.128:9100,node exporter
18:59:17.360,0.000000,node_network_receive_bytes_total,lo,192.168.2.128:9100,node exporter
18:59:18.454,707363862.000000,node_network_receive_bytes_total,eth0,192.168.2.128:9100,node exporter
18:59:18.454,0.000000,node_network_receive_bytes_total,lo,192.168.2.128:9100,node exporter
18:59:19.690,707364752.000000,node_network_receive_bytes_total,eth0,192.168.2.128:9100,node exporter
18:59:19.690,0.000000,node_network_receive_bytes_total,lo,192.168.2.128:9100,node exporter
18:59:20.788,707365642.000000,node_network_receive_bytes_total,eth0,192.168.2.128:9100,node exporter
18:59:20.788,0.000000,node_network_receive_bytes_total,lo,192.168.2.128:9100,node exporter
18:59:21.883,707366532.000000,node_network_receive_bytes_total,eth0,192.168.2.128:9100,node exporter
18:59:21.883,0.000000,node_network_receive_bytes_total,lo,192.168.2.128:9100,node exporter
18:59:22.987,707367422.000000,node_network_receive_bytes_total,eth0,192.168.2.128:9100,node exporter
18:59:22.987,0.000000,node_network_receive_bytes_total,lo,192.168.2.128:9100,node exporter
18:59:24.124,707369202.000000,node_network_receive_bytes_total,eth0,192.168.2.128:9100,node exporter
18:59:24.124,0.000000,node_network_receive_bytes_total,lo,192.168.2.128:9100,node exporter
18:59:25.229,707370092.000000,node_network_receive_bytes_total,eth0,192.168.2.128:9100,node exporter
18:59:25.229,0.000000,node_network_receive_bytes_total,lo,192.168.2.128:9100,node exporter
18:59:26.322,707370982.000000,node_network_receive_bytes_total,eth0,192.168.2.128:9100,node exporter
18:59:26.322,0.000000,node_network_receive_bytes_total,lo,192.168.2.128:9100,node exporter
18:59:27.521,707371872.000000,node_network_receive_bytes_total,eth0,192.168.2.128:9100,node exporter
18:59:27.521,0.000000,node_network_receive_bytes_total,lo,192.168.2.128:9100,node exporter
18:59:28.615,707372762.000000,node_network_receive_bytes_total,eth0,192.168.2.128:9100,node exporter
18:59:28.615,0.000000,node_network_receive_bytes_total,lo,192.168.2.128:9100,node exporter
18:59:29.715,707373652.000000,node_network_receive_bytes_total,eth0,192.168.2.128:9100,node exporter
18:59:29.715,0.000000,node_network_receive_bytes_total,lo,192.168.2.128:9100,node exporter
18:59:30.816,707374542.000000,node_network_receive_bytes_total,eth0,192.168.2.128:9100,node exporter
18:59:30.816,0.000000,node_network_receive_bytes_total,lo,192.168.2.128:9100,node exporter
18:59:31.908,707375432.000000,node_network_receive_bytes_total,eth0,192.168.2.128:9100,node exporter
18:59:31.908,0.000000,node_network_receive_bytes_total,lo,192.168.2.128:9100,node exporter
18:59:33.010,707376322.000000,node_network_receive_bytes_total,eth0,192.168.2.128:9100,node exporter
18:59:33.010,0.000000,node_network_receive_bytes_total,lo,192.168.2.128:9100,node exporter
18:59:34.240,707378102.000000,node_network_receive_bytes_total,eth0,192.168.2.128:9100,node exporter
18:59:34.240,0.000000,node_network_receive_bytes_total,lo,192.168.2.128:9100,node exporter
18:59:35.357,707378992.000000,node_network_receive_bytes_total,eth0,192.168.2.128:9100,node exporter
18:59:35.357,0.000000,node_network_receive_bytes_total,lo,192.168.2.128:9100,node exporter
18:59:36.451,707379882.000000,node_network_receive_bytes_total,eth0,192.168.2.128:9100,node exporter
18:59:36.451,0.000000,node_network_receive_bytes_total,lo,192.168.2.128:9100,node exporter
18:59:37.542,707380772.000000,node_network_receive_bytes_total,eth0,192.168.2.128:9100,node exporter
18:59:37.542,0.000000,node_network_receive_bytes_total,lo,192.168.2.128:9100,node exporter
18:59:38.632,707381662.000000,node_network_receive_bytes_total,eth0,192.168.2.128:9100,node exporter
18:59:38.632,0.000000,node_network_receive_bytes_total,lo,192.168.2.128:9100,node exporter
18:59:39.724,707382552.000000,node_network_receive_bytes_total,eth0,192.168.2.128:9100,node exporter
18:59:39.724,0.000000,node_network_receive_bytes_total,lo,192.168.2.128:9100,node exporter
18:59:40.900,707383442.000000,node_network_receive_bytes_total,eth0,192.168.2.128:9100,node exporter
18:59:40.900,0.000000,node_network_receive_bytes_total,lo,192.168.2.128:9100,node exporter
18:59:42.004,707384332.000000,node_network_receive_bytes_total,eth0,192.168.2.128:9100,node exporter
18:59:42.004,0.000000,node_network_receive_bytes_total,lo,192.168.2.128:9100,node exporter
18:59:43.115,707386112.000000,node_network_receive_bytes_total,eth0,192.168.2.128:9100,node exporter
18:59:43.115,0.000000,node_network_receive_bytes_total,lo,192.168.2.128:9100,node exporter
18:59:44.221,707387002.000000,node_network_receive_bytes_total,eth0,192.168.2.128:9100,node exporter
18:59:44.221,0.000000,node_network_receive_bytes_total,lo,192.168.2.128:9100,node exporter
18:59:45.316,707387892.000000,node_network_receive_bytes_total,eth0,192.168.2.128:9100,node exporter
18:59:45.316,0.000000,node_network_receive_bytes_total,lo,192.168.2.128:9100,node exporter
18:59:46.411,707388782.000000,node_network_receive_bytes_total,eth0,192.168.2.128:9100,node exporter
18:59:46.411,0.000000,node_network_receive_bytes_total,lo,192.168.2.128:9100,node exporter
18:59:47.603,707389672.000000,node_network_receive_bytes_total,eth0,192.168.2.128:9100,node exporter
18:59:47.603,0.000000,node_network_receive_bytes_total,lo,192.168.2.128:9100,node exporter
18:59:48.691,707390562.000000,node_network_receive_bytes_total,eth0,192.168.2.128:9100,node exporter
18:59:48.691,0.000000,node_network_receive_bytes_total,lo,192.168.2.128:9100,node exporter
18:59:49.787,707391452.000000,node_network_receive_bytes_total,eth0,192.168.2.128:9100,node exporter
18:59:49.787,0.000000,node_network_receive_bytes_total,lo,192.168.2.128:9100,node exporter
18:59:50.883,707392342.000000,node_network_receive_bytes_total,eth0,192.168.2.128:9100,node exporter
18:59:50.883,0.000000,node_network_receive_bytes_total,lo,192.168.2.128:9100,node exporter
18:59:51.981,707393232.000000,node_network_receive_bytes_total,eth0,192.168.2.128:9100,node exporter
18:59:51.981,0.000000,node_network_receive_bytes_total,lo,192.168.2.128:9100,node exporter
18:59:53.101,707395012.000000,node_network_receive_bytes_total,eth0,192.168.2.128:9100,node exporter
18:59:53.101,0.000000,node_network_receive_bytes_total,lo,192.168.2.128:9100,node exporter
18:59:54.296,707395902.000000,node_network_receive_bytes_total,eth0,192.168.2.128:9100,node exporter
18:59:54.296,0.000000,node_network_receive_bytes_total,lo,192.168.2.128:9100,node exporter
18:59:55.401,707396792.000000,node_network_receive_bytes_total,eth0,192.168.2.128:9100,node exporter
18:59:55.401,0.000000,node_network_receive_bytes_total,lo,192.168.2.128:9100,node exporter
18:59:56.491,707397682.000000,node_network_receive_bytes_total,eth0,192.168.2.128:9100,node exporter
18:59:56.491,0.000000,node_network_receive_bytes_total,lo,192.168.2.128:9100,node exporter
18:59:57.595,707398572.000000,node_network_receive_bytes_total,eth0,192.168.2.128:9100,node exporter
18:59:57.595,0.000000,node_network_receive_bytes_total,lo,192.168.2.128:9100,node exporter
18:59:58.686,707399462.000000,node_network_receive_bytes_total,eth0,192.168.2.128:9100,node exporter
18:59:58.686,0.000000,node_network_receive_bytes_total,lo,192.168.2.128:9100,node exporter
18:59:59.782,707400352.000000,node_network_receive_bytes_total,eth0,192.168.2.128:9100,node exporter
18:59:59.782,0.000000,node_network_receive_bytes_total,lo,192.168.2.128:9100,node exporter
19:00:00.881,707401242.000000,node_network_receive_bytes_total,eth0,192.168.2.128:9100,node exporter
19:00:00.881,0.000000,node_network_receive_bytes_total,lo,192.168.2.128:9100,node exporter
19:00:01.985,707402132.000000,node_network_receive_bytes_total,eth0,192.168.2.128:9100,node exporter
19:00:01.985,0.000000,node_network_receive_bytes_total,lo,192.168.2.128:9100,node exporter
19:00:03.117,707403912.000000,node_network_receive_bytes_total,eth0,192.168.2.128:9100,node exporter
19:00:03.117,0.000000,node_network_receive_bytes_total,lo,192.168.2.128:9100,node exporter
19:00:04.352,707404802.000000,node_network_receive_bytes_total,eth0,192.168.2.128:9100,node exporter
19:00:04.352,0.000000,node_network_receive_bytes_total,lo,192.168.2.128:9100,node exporter
19:00:05.475,707405692.000000,node_network_receive_bytes_total,eth0,192.168.2.128:9100,node exporter
19:00:05.475,0.000000,node_network_receive_bytes_total,lo,192.168.2.128:9100,node exporter
19:00:06.595,707406582.000000,node_network_receive_bytes_total,eth0,192.168.2.128:9100,node exporter
19:00:06.595,0.000000,node_network_receive_bytes_total,lo,192.168.2.128:9100,node exporter
19:00:07.692,707407472.000000,node_network_receive_bytes_total,eth0,192.168.2.128:9100,node exporter
19:00:07.692,0.000000,node_network_receive_bytes_total,lo,192.168.2.128:9100,node exporter
19:00:08.785,707408362.000000,node_network_receive_bytes_total,eth0,192.168.2.128:9100,node exporter
19:00:08.785,0.000000,node_network_receive_bytes_total,lo,192.168.2.128:9100,node exporter
19:00:09.886,707409252.000000,node_network_receive_bytes_total,eth0,192.168.2.128:9100,node exporter
19:00:09.886,0.000000,node_network_receive_bytes_total,lo,192.168.2.128:9100,node exporter
19:00:11.024,707410142.000000,node_network_receive_bytes_total,eth0,192.168.2.128:9100,node exporter
19:00:11.024,0.000000,node_network_receive_bytes_total,lo,192.168.2.128:9100,node exporter
19:00:12.126,707411922.000000,node_network_receive_bytes_total,eth0,192.168.2.128:9100,node exporter
19:00:12.126,0.000000,node_network_receive_bytes_total,lo,192.168.2.128:9100,node exporter
19:00:13.236,707412812.000000,node_network_receive_bytes_total,eth0,192.168.2.128:9100,node exporter
19:00:13.236,0.000000,node_network_receive_bytes_total,lo,192.168.2.128:9100,node exporter
19:00:14.318,707413702.000000,node_network_receive_bytes_total,eth0,192.168.2.128:9100,node exporter
19:00:14.318,0.000000,node_network_receive_bytes_total,lo,192.168.2.128:9100,node exporter
19:00:15.459,707414592.000000,node_network_receive_bytes_total,eth0,192.168.2.128:9100,node exporter
19:00:15.459,0.000000,node_network_receive_bytes_total,lo,192.168.2.128:9100,node exporter
19:00:16.556,707415482.000000,node_network_receive_bytes_total,eth0,192.168.2.128:9100,node exporter
19:00:16.556,0.000000,node_network_receive_bytes_total,lo,192.168.2.128:9100,node exporter
19:00:17.673,707416372.000000,node_network_receive_bytes_total,eth0,192.168.2.128:9100,node exporter
19:00:17.673,0.000000,node_network_receive_bytes_total,lo,192.168.2.128:9100,node exporter
19:00:18.750,707417262.000000,node_network_receive_bytes_total,eth0,192.168.2.128:9100,node exporter
19:00:18.750,0.000000,node_network_receive_bytes_total,lo,192.168.2.128:9100,node exporter
19:00:19.883,707418152.000000,node_network_receive_bytes_total,eth0,192.168.2.128:9100,node exporter
19:00:19.883,0.000000,node_network_receive_bytes_total,lo,192.168.2.128:9100,node exporter
19:00:20.975,707419042.000000,node_network_receive_bytes_total,eth0,192.168.2.128:9100,node exporter
19:00:20.975,0.000000,node_network_receive_bytes_total,lo,192.168.2.128:9100,node exporter
19:00:22.083,707420822.000000,node_network_receive_bytes_total,eth0,192.168.2.128:9100,node exporter
19:00:22.083,0.000000,node_network_receive_bytes_total,lo,192.168.2.128:9100,node exporter
19:00:23.193,707421712.000000,node_network_receive_bytes_total,eth0,192.168.2.128:9100,node exporter
19:00:23.193,0.000000,node_network_receive_bytes_total,lo,192.168.2.128:9100,node exporter
19:00:24.343,707422602.000000,node_network_receive_bytes_total,eth0,192.168.2.128:9100,node exporter
19:00:24.343,0.000000,node_network_receive_bytes_total,lo,192.168.2.128:9100,node exporter
19:00:25.457,707423492.000000,node_network_receive_bytes_total,eth0,192.168.2.128:9100,node exporter
19:00:25.457,0.000000,node_network_receive_bytes_total,lo,192.168.2.128:9100,node exporter
19:00:26.549,707424382.000000,node_network_receive_bytes_total,eth0,192.168.2.128:9100,node exporter
19:00:26.549,0.000000,node_network_receive_bytes_total,lo,192.168.2.128:9100,node exporter
19:00:27.639,707425272.000000,node_network_receive_bytes_total,eth0,192.168.2.128:9100,node exporter
19:00:27.639,0.000000,node_network_receive_bytes_total,lo,192.168.2.128:9100,node exporter
19:00:28.797,707426162.000000,node_network_receive_bytes_total,eth0,192.168.2.128:9100,node exporter
19:00:28.797,0.000000,node_network_receive_bytes_total,lo,192.168.2.128:9100,node exporter
19:00:29.882,707427052.000000,node_network_receive_bytes_total,eth0,192.168.2.128:9100,node exporter
19:00:29.882,0.000000,node_network_receive_bytes_total,lo,192.168.2.128:9100,node exporter
19:00:30.997,707427942.000000,node_network_receive_bytes_total,eth0,192.168.2.128:9100,node exporter
19:00:30.997,0.000000,node_network_receive_bytes_total,lo,192.168.2.128:9100,node exporter
19:00:32.116,707429722.000000,node_network_receive_bytes_total,eth0,192.168.2.128:9100,node exporter
19:00:32.116,0.000000,node_network_receive_bytes_total,lo,192.168.2.128:9100,node exporter
19:00:33.263,707430612.000000,node_network_receive_bytes_total,eth0,192.168.2.128:9100,node exporter
19:00:33.263,0.000000,node_network_receive_bytes_total,lo,192.168.2.128:9100,node exporter
19:00:34.350,707431502.000000,node_network_receive_bytes_total,eth0,192.168.2.128:9100,node exporter
19:00:34.350,0.000000,node_network_receive_bytes_total,lo,192.168.2.128:9100,node exporter
19:00:35.441,707432392.000000,node_network_receive_bytes_total,eth0,192.168.2.128:9100,node exporter
19:00:35.441,0.000000,node_network_receive_bytes_total,lo,192.168.2.128:9100,node exporter
19:00:36.525,707433282.000000,node_network_receive_bytes_total,eth0,192.168.2.128:9100,node exporter
19:00:36.525,0.000000,node_network_receive_bytes_total,lo,192.168.2.128:9100,node exporter
19:00:37.656,707434172.000000,node_network_receive_bytes_total,eth0,192.168.2.128:9100,node exporter
19:00:37.656,0.000000,node_network_receive_bytes_total,lo,192.168.2.128:9100,node exporter
19:00:38.746,707435062.000000,node_network_receive_bytes_total,eth0,192.168.2.128:9100,node exporter
19:00:38.746,0.000000,node_network_receive_bytes_total,lo,192.168.2.128:9100,node exporter
19:00:39.828,707435952.000000,node_network_receive_bytes_total,eth0,192.168.2.128:9100,node exporter
19:00:39.828,0.000000,node_network_receive_bytes_total,lo,192.168.2.128:9100,node exporter
19:00:40.921,707436842.000000,node_network_receive_bytes_total,eth0,192.168.2.128:9100,node exporter
19:00:40.921,0.000000,node_network_receive_bytes_total,lo,192.168.2.128:9100,node exporter
19:00:42.060,707438622.000000,node_network_receive_bytes_total,eth0,192.168.2.128:9100,node exporter
19:00:42.060,0.000000,node_network_receive_bytes_total,lo,192.168.2.128:9100,node exporter
19:00:43.153,707439512.000000,node_network_receive_bytes_total,eth0,192.168.2.128:9100,node exporter
19:00:43.153,0.000000,node_network_receive_bytes_total,lo,192.168.2.128:9100,node exporter
19:00:44.246,707440402.000000,node_network_receive_bytes_total,eth0,192.168.2.128:9100,node exporter
19:00:44.246,0.000000,node_network_receive_bytes_total,lo,192.168.2.128:9100,node exporter
19:00:45.332,707441292.000000,node_network_receive_bytes_total,eth0,192.168.2.128:9100,node exporter
19:00:45.332,0.000000,node_network_receive_bytes_total,lo,192.168.2.128:9100,node exporter
19:00:46.482,707442182.000000,node_network_receive_bytes_total,eth0,192.168.2.128:9100,node exporter
19:00:46.482,0.000000,node_network_receive_bytes_total,lo,192.168.2.128:9100,node exporter
19:00:47.567,707443072.000000,node_network_receive_bytes_total,eth0,192.168.2.128:9100,node exporter
19:00:47.567,0.000000,node_network_receive_bytes_total,lo,192.168.2.128:9100,node exporter
19:00:48.672,707443962.000000,node_network_receive_bytes_total,eth0,192.168.2.128:9100,node exporter
19:00:48.672,0.000000,node_network_receive_bytes_total,lo,192.168.2.128:9100,node exporter
19:00:49.759,707444852.000000,node_network_receive_bytes_total,eth0,192.168.2.128:9100,node exporter
19:00:49.759,0.000000,node_network_receive_bytes_total,lo,192.168.2.128:9100,node exporter
19:00:50.902,707445742.000000,node_network_receive_bytes_total,eth0,192.168.2.128:9100,node exporter
19:00:50.902,0.000000,node_network_receive_bytes_total,lo,192.168.2.128:9100,node exporter
19:00:51.998,707446632.000000,node_network_receive_bytes_total,eth0,192.168.2.128:9100,node exporter
19:00:51.998,0.000000,node_network_receive_bytes_total,lo,192.168.2.128:9100,node exporter
19:00:53.086,707448412.000000,node_network_receive_bytes_total,eth0,192.168.2.128:9100,node exporter
19:00:53.086,0.000000,node_network_receive_bytes_total,lo,192.168.2.128:9100,node exporter
19:00:54.209,707449302.000000,node_network_receive_bytes_total,eth0,192.168.2.128:9100,node exporter
19:00:54.209,0.000000,node_network_receive_bytes_total,lo,192.168.2.128:9100,node exporter
19:00:55.349,707450192.000000,node_network_receive_bytes_total,eth0,192.168.2.128:9100,node exporter
19:00:55.349,0.000000,node_network_receive_bytes_total,lo,192.168.2.128:9100,node exporter
19:00:56.440,707451082.000000,node_network_receive_bytes_total,eth0,192.168.2.128:9100,node exporter
19:00:56.440,0.000000,node_network_receive_bytes_total,lo,192.168.2.128:9100,node exporter
19:00:57.533,707451972.000000,node_network_receive_bytes_total,eth0,192.168.2.128:9100,node exporter
19:00:57.533,0.000000,node_network_receive_bytes_total,lo,192.168.2.128:9100,node exporter
19:00:58.638,707452862.000000,node_network_receive_bytes_total,eth0,192.168.2.128:9100,node exporter
19:00:58.638,0.000000,node_network_receive_bytes_total,lo,192.168.2.128:9100,node exporter
19:00:59.784,707453752.000000,node_network_receive_bytes_total,eth0,192.168.2.128:9100,node exporter
19:00:59.784,0.000000,node_network_receive_bytes_total,lo,192.168.2.128:9100,node exporter
19:01:00.873,707454642.000000,node_network_receive_bytes_total,eth0,192.168.2.128:9100,node exporter
19:01:00.873,0.000000,node_network_receive_bytes_total,lo,192.168.2.128:9100,node exporter
19:01:01.973,707455532.000000,node_network_receive_bytes_total,eth0,192.168.2.128:9100,node exporter
19:01:01.973,0.000000,node_network_receive_bytes_total,lo,192.168.2.128:9100,node exporter
19:01:03.071,707457312.000000,node_network_receive_bytes_total,eth0,192.168.2.128:9100,node exporter
19:01:03.071,0.000000,node_network_receive_bytes_total,lo,192.168.2.128:9100,node exporter
19:01:04.266,707458202.000000,node_network_receive_bytes_total,eth0,192.168.2.128:9100,node exporter
19:01:04.266,0.000000,node_network_receive_bytes_total,lo,192.168.2.128:9100,node exporter
19:01:05.359,707459092.000000,node_network_receive_bytes_total,eth0,192.168.2.128:9100,node exporter
19:01:05.359,0.000000,node_network_receive_bytes_total,lo,192.168.2.128:9100,node exporter
19:01:06.448,707459982.000000,node_network_receive_bytes_total,eth0,192.168.2.128:9100,node exporter
19:01:06.448,0.000000,node_network_receive_bytes_total,lo,192.168.2.128:9100,node exporter
19:01:07.530,707460872.000000,node_network_receive_bytes_total,eth0,192.168.2.128:9100,node exporter
19:01:07.530,0.000000,node_network_receive_bytes_total,lo,192.168.2.128:9100,node exporter
19:01:08.670,707461762.000000,node_network_receive_bytes_total,eth0,192.168.2.128:9100,node exporter
19:01:08.670,0.000000,node_network_receive_bytes_total,lo,192.168.2.128:9100,node exporter
19:01:09.757,707462652.000000,node_network_receive_bytes_total,eth0,192.168.2.128:9100,node exporter
19:01:09.757,0.000000,node_network_receive_bytes_total,lo,192.168.2.128:9100,node exporter
19:01:10.847,707463542.000000,node_network_receive_bytes_total,eth0,192.168.2.128:9100,node exporter
19:01:10.847,0.000000,node_network_receive_bytes_total,lo,192.168.2.128:9100,node exporter
19:01:11.932,707464432.000000,node_network_receive_bytes_total,eth0,192.168.2.128:9100,node exporter
19:01:11.932,0.000000,node_network_receive_bytes_total,lo,192.168.2.128:9100,node exporter
19:01:13.084,707466212.000000,node_network_receive_bytes_total,eth0,192.168.2.128:9100,node exporter
19:01:13.084,0.000000,node_network_receive_bytes_total,lo,192.168.2.128:9100,node exporter
19:01:14.171,707467102.000000,node_network_receive_bytes_total,eth0,192.168.2.128:9100,node exporter
19:01:14.171,0.000000,node_network_receive_bytes_total,lo,192.168.2.128:9100,node exporter
19:01:15.265,707467992.000000,node_network_receive_bytes_total,eth0,192.168.2.128:9100,node exporter
19:01:15.265,0.000000,node_network_receive_bytes_total,lo,192.168.2.128:9100,node exporter
19:01:16.359,707468882.000000,node_network_receive_bytes_total,eth0,192.168.2.128:9100,node exporter
19:01:16.359,0.000000,node_network_receive_bytes_total,lo,192.168.2.128:9100,node exporter
19:01:17.501,707469772.000000,node_network_receive_bytes_total,eth0,192.168.2.128:9100,node exporter
19:01:17.501,0.000000,node_network_receive_bytes_total,lo,192.168.2.128:9100,node exporter
19:01:18.598,707470662.000000,node_network_receive_bytes_total,eth0,192.168.2.128:9100,node exporter
19:01:18.598,0.000000,node_network_receive_bytes_total,lo,192.168.2.128:9100,node exporter
19:01:19.681,707471552.000000,node_network_receive_bytes_total,eth0,192.168.2.128:9100,node exporter
19:01:19.681,0.000000,node_network_receive_bytes_total,lo,192.168.2.128:9100,node exporter
19:01:20.777,707472442.000000,node_network_receive_bytes_total,eth0,192.168.2.128:9100,node exporter
19:01:20.777,0.000000,node_network_receive_bytes_total,lo,192.168.2.128:9100,node exporter
19:01:21.910,707473332.000000,node_network_receive_bytes_total,eth0,192.168.2.128:9100,node exporter
19:01:21.910,0.000000,node_network_receive_bytes_total,lo,192.168.2.128:9100,node exporter
19:01:23.007,707474222.000000,node_network_receive_bytes_total,eth0,192.168.2.128:9100,node exporter
19:01:23.007,0.000000,node_network_receive_bytes_total,lo,192.168.2.128:9100,node exporter
19:01:24.095,707475112.000000,node_network_receive_bytes_total,eth0,192.168.2.128:9100,node exporter
19:01:24.095,0.000000,node_network_receive_bytes_total,lo,192.168.2.128:9100,node exporter
19:01:25.210,707476892.000000,node_network_receive_bytes_total,eth0,192.168.2.128:9100,node exporter
19:01:25.210,0.000000,node_network_receive_bytes_total,lo,192.168.2.128:9100,node exporter
19:01:26.334,707477782.000000,node_network_receive_bytes_total,eth0,192.168.2.128:9100,node exporter
19:01:26.334,0.000000,node_network_receive_bytes_total,lo,192.168.2.128:9100,node exporter
19:01:27.420,707478672.000000,node_network_receive_bytes_total,eth0,192.168.2.128:9100,node exporter
19:01:27.420,0.000000,node_network_receive_bytes_total,lo,192.168.2.128:9100,node exporter
19:01:28.501,707479562.000000,node_network_receive_bytes_total,eth0,192.168.2.128:9100,node exporter
19:01:28.501,0.000000,node_network_receive_bytes_total,lo,192.168.2.128:9100,node exporter
19:01:29.592,707480452.000000,node_network_receive_bytes_total,eth0,192.168.2.128:9100,node exporter
19:01:29.592,0.000000,node_network_receive_bytes_total,lo,192.168.2.128:9100,node exporter
19:01:30.730,707481342.000000,node_network_receive_bytes_total,eth0,192.168.2.128:9100,node exporter
19:01:30.730,0.000000,node_network_receive_bytes_total,lo,192.168.2.128:9100,node exporter
19:01:31.813,707482232.000000,node_network_receive_bytes_total,eth0,192.168.2.128:9100,node exporter
19:01:31.813,0.000000,node_network_receive_bytes_total,lo,192.168.2.128:9100,node exporter
19:01:32.916,707483122.000000,node_network_receive_bytes_total,eth0,192.168.2.128:9100,node exporter
19:01:32.916,0.000000,node_network_receive_bytes_total,lo,192.168.2.128:9100,node exporter
19:01:34.026,707484012.000000,node_network_receive_bytes_total,eth0,192.168.2.128:9100,node exporter
19:01:34.026,0.000000,node_network_receive_bytes_total,lo,192.168.2.128:9100,node exporter
19:01:35.168,707485792.000000,node_network_receive_bytes_total,eth0,192.168.2.128:9100,node exporter
19:01:35.168,0.000000,node_network_receive_bytes_total,lo,192.168.2.128:9100,node exporter
19:01:36.263,707486682.000000,node_network_receive_bytes_total,eth0,192.168.2.128:9100,node exporter
19:01:36.263,0.000000,node_network_receive_bytes_total,lo,192.168.2.128:9100,node exporter
19:01:37.351,707487572.000000,node_network_receive_bytes_total,eth0,192.168.2.128:9100,node exporter
19:01:37.351,0.000000,node_network_receive_bytes_total,lo,192.168.2.128:9100,node exporter
19:01:38.442,707488462.000000,node_network_receive_bytes_total,eth0,192.168.2.128:9100,node exporter
19:01:38.442,0.000000,node_network_receive_bytes_total,lo,192.168.2.128:9100,node exporter
19:01:39.580,707489352.000000,node_network_receive_bytes_total,eth0,192.168.2.128:9100,node exporter
19:01:39.580,0.000000,node_network_receive_bytes_total,lo,192.168.2.128:9100,node exporter
19:01:40.665,707490242.000000,node_network_receive_bytes_total,eth0,192.168.2.128:9100,node exporter
19:01:40.665,0.000000,node_network_receive_bytes_total,lo,192.168.2.128:9100,node exporter
19:01:41.743,707491132.000000,node_network_receive_bytes_total,eth0,192.168.2.128:9100,node exporter
19:01:41.743,0.000000,node_network_receive_bytes_total,lo,192.168.2.128:9100,node exporter
19:01:42.827,707492022.000000,node_network_receive_bytes_total,eth0,192.168.2.128:9100,node exporter
19:01:42.827,0.000000,node_network_receive_bytes_total,lo,192.168.2.128:9100,node exporter
19:01:43.974,707492912.000000,node_network_receive_bytes_total,eth0,192.168.2.128:9100,node exporter
19:01:43.974,0.000000,node_network_receive_bytes_total,lo,192.168.2.128:9100,node exporter
19:01:45.066,707494692.000000,node_network_receive_bytes_total,eth0,192.168.2.128:9100,node exporter
19:01:45.066,0.000000,node_network_receive_bytes_total,lo,192.168.2.128:9100,node exporter
19:01:46.174,707495582.000000,node_network_receive_bytes_total,eth0,192.168.2.128:9100,node exporter
19:01:46.174,0.000000,node_network_receive_bytes_total,lo,192.168.2.128:9100,node exporter
19:01:47.260,707496472.000000,node_network_receive_bytes_total,eth0,192.168.2.128:9100,node exporter
19:01:47.260,0.000000,node_network_receive_bytes_total,lo,192.168.2.128:9100,node exporter
19:01:48.407,707497362.000000,node_network_receive_bytes_total,eth0,192.168.2.128:9100,node exporter
19:01:48.407,0.000000,node_network_receive_bytes_total,lo,192.168.2.128:9100,node exporter
19:01:49.502,707498252.000000,node_network_receive_bytes_total,eth0,192.168.2.128:9100,node exporter
19:01:49.502,0.000000,node_network_receive_bytes_total,lo,192.168.2.128:9100,node exporter
19:01:50.584,707499142.000000,node_network_receive_bytes_total,eth0,192.168.2.128:9100,node exporter
19:01:50.584,0.000000,node_network_receive_bytes_total,lo,192.168.2.128:9100,node exporter
19:01:51.664,707500032.000000,node_network_receive_bytes_total,eth0,192.168.2.128:9100,node exporter
19:01:51.664,0.000000,node_network_receive_bytes_total,lo,192.168.2.128:9100,node exporter
19:01:52.787,707500922.000000,node_network_receive_bytes_total,eth0,192.168.2.128:9100,node exporter
19:01:52.787,0.000000,node_network_receive_bytes_total,lo,192.168.2.128:9100,node exporter
19:01:53.869,707501812.000000,node_network_receive_bytes_total,eth0,192.168.2.128:9100,node exporter
19:01:53.869,0.000000,node_network_receive_bytes_total,lo,192.168.2.128:9100,node exporter
19:01:54.955,707502702.000000,node_network_receive_bytes_total,eth0,192.168.2.128:9100,node exporter
19:01:54.955,0.000000,node_network_receive_bytes_total,lo,192.168.2.128:9100,node exporter
19:01:56.065,707504482.000000,node_network_receive_bytes_total,eth0,192.168.2.128:9100,node exporter
19:01:56.065,0.000000,node_network_receive_bytes_total,lo,192.168.2.128:9100,node exporter
19:01:57.197,707505372.000000,node_network_receive_bytes_total,eth0,192.168.2.128:9100,node exporter
19:01:57.197,0.000000,node_network_receive_bytes_total,lo,192.168.2.128:9100,node exporter
19:01:58.276,707506262.000000,node_network_receive_bytes_total,eth0,192.168.2.128:9100,node exporter
19:01:58.276,0.000000,node_network_receive_bytes_total,lo,192.168.2.128:9100,node exporter
19:01:59.377,707507152.000000,node_network_receive_bytes_total,eth0,192.168.2.128:9100,node exporter
19:01:59.377,0.000000,node_network_receive_bytes_total,lo,192.168.2.128:9100,node exporter
19:02:00.467,707508042.000000,node_network_receive_bytes_total,eth0,192.168.2.128:9100,node exporter
19:02:00.467,0.000000,node_network_receive_bytes_total,lo,192.168.2.128:9100,node exporter
19:02:01.595,707508932.000000,node_network_receive_bytes_total,eth0,192.168.2.128:9100,node exporter
19:02:01.595,0.000000,node_network_receive_bytes_total,lo,192.168.2.128:9100,node exporter
19:02:02.670,707509822.000000,node_network_receive_bytes_total,eth0,192.168.2.128:9100,node exporter
19:02:02.670,0.000000,node_network_receive_bytes_total,lo,192.168.2.128:9100,node exporter
19:02:03.751,707510712.000000,node_network_receive_bytes_total,eth0,192.168.2.128:9100,node exporter
19:02:03.751,0.000000,node_network_receive_bytes_total,lo,192.168.2.128:9100,node exporter
19:02:04.831,707511602.000000,node_network_receive_bytes_total,eth0,192.168.2.128:9100,node exporter
19:02:04.831,0.000000,node_network_receive_bytes_total,lo,192.168.2.128:9100,node exporter
19:02:05.934,707512492.000000,node_network_receive_bytes_total,eth0,192.168.2.128:9100,node exporter
19:02:05.934,0.000000,node_network_receive_bytes_total,lo,192.168.2.128:9100,node exporter
19:02:07.046,707514272.000000,node_network_receive_bytes_total,eth0,192.168.2.128:9100,node exporter
19:02:07.046,0.000000,node_network_receive_bytes_total,lo,192.168.2.128:9100,node exporter
19:02:08.138,707515162.000000,node_network_receive_bytes_total,eth0,192.168.2.128:9100,node exporter
19:02:08.138,0.000000,node_network_receive_bytes_total,lo,192.168.2.128:9100,node exporter
19:02:09.220,707516052.000000,node_network_receive_bytes_total,eth0,192.168.2.128:9100,node exporter
19:02:09.220,0.000000,node_network_receive_bytes_total,lo,192.168.2.128:9100,node exporter
19:02:10.348,707516942.000000,node_network_receive_bytes_total,eth0,192.168.2.128:9100,node exporter
19:02:10.348,0.000000,node_network_receive_bytes_total,lo,192.168.2.128:9100,node exporter
19:02:11.435,707517832.000000,node_network_receive_bytes_total,eth0,192.168.2.128:9100,node exporter
19:02:11.435,0.000000,node_network_receive_bytes_total,lo,192.168.2.128:9100,node exporter
19:02:12.515,707518722.000000,node_network_receive_bytes_total,eth0,192.168.2.128:9100,node exporter
19:02:12.515,0.000000,node_network_receive_bytes_total,lo,192.168.2.128:9100,node exporter
19:02:13.591,707519612.000000,node_network_receive_bytes_total,eth0,192.168.2.128:9100,node exporter
19:02:13.591,0.000000,node_network_receive_bytes_total,lo,192.168.2.128:9100,node exporter
19:02:14.731,707520502.000000,node_network_receive_bytes_total,eth0,192.168.2.128:9100,node exporter
19:02:14.731,0.000000,node_network_receive_bytes_total,lo,192.168.2.128:9100,node exporter
19:02:15.811,707521392.000000,node_network_receive_bytes_total,eth0,192.168.2.128:9100,node exporter
19:02:15.811,0.000000,node_network_receive_bytes_total,lo,192.168.2.128:9100,node exporter
19:02:16.890,707522282.000000,node_network_receive_bytes_total,eth0,192.168.2.128:9100,node exporter
19:02:16.890,0.000000,node_network_receive_bytes_total,lo,192.168.2.128:9100,node exporter
19:02:17.965,707523172.000000,node_network_receive_bytes_total,eth0,192.168.2.128:9100,node exporter
19:02:17.965,0.000000,node_network_receive_bytes_total,lo,192.168.2.128:9100,node exporter
19:02:19.111,707524952.000000,node_network_receive_bytes_total,eth0,192.168.2.128:9100,node exporter
19:02:19.111,0.000000,node_network_receive_bytes_total,lo,192.168.2.128:9100,node exporter
19:02:20.199,707525842.000000,node_network_receive_bytes_total,eth0,192.168.2.128:9100,node exporter
19:02:20.199,0.000000,node_network_receive_bytes_total,lo,192.168.2.128:9100,node exporter
19:02:21.286,707526732.000000,node_network_receive_bytes_total,eth0,192.168.2.128:9100,node exporter
19:02:21.286,0.000000,node_network_receive_bytes_total,lo,192.168.2.128:9100,node exporter
19:02:22.375,707527622.000000,node_network_receive_bytes_total,eth0,192.168.2.128:9100,node exporter
19:02:22.375,0.000000,node_network_receive_bytes_total,lo,192.168.2.128:9100,node exporter
19:02:23.499,707528512.000000,node_network_receive_bytes_total,eth0,192.168.2.128:9100,node exporter
19:02:23.499,0.000000,node_network_receive_bytes_total,lo,192.168.2.128:9100,node exporter
19:02:24.580,707529402.000000,node_network_receive_bytes_total,eth0,192.168.2.128:9100,node exporter
19:02:24.580,0.000000,node_network_receive_bytes_total,lo,192.168.2.128:9100,node exporter
19:02:25.653,707530292.000000,node_network_receive_bytes_total,eth0,192.168.2.128:9100,node exporter
19:02:25.653,0.000000,node_network_receive_bytes_total,lo,192.168.2.128:9100,node exporter
19:02:26.724,707531182.000000,node_network_receive_bytes_total,eth0,192.168.2.128:9100,node exporter
19:02:26.724,0.000000,node_network_receive_bytes_total,lo,192.168.2.128:9100,node exporter
19:02:27.834,707532072.000000,node_network_receive_bytes_total,eth0,192.168.2.128:9100,node exporter
19:02:27.834,0.000000,node_network_receive_bytes_total,lo,192.168.2.128:9100,node exporter
19:02:28.913,707532962.000000,node_network_receive_bytes_total,eth0,192.168.2.128:9100,node exporter
19:02:28.913,0.000000,node_network_receive_bytes_total,lo,192.168.2.128:9100,node exporter
19:02:29.995,707533852.000000,node_network_receive_bytes_total,eth0,192.168.2.128:9100,node exporter
19:02:29.995,0.000000,node_network_receive_bytes_total,lo,192.168.2.128:9100,node exporter
19:02:31.081,707534742.000000,node_network_receive_bytes_total,eth0,192.168.2.128:9100,node exporter
19:02:31.081,0.000000,node_network_receive_bytes_total,lo,192.168.2.128:9100,node exporter
19:02:32.231,707536522.000000,node_network_receive_bytes_total,eth0,192.168.2.128:9100,node exporter
19:02:32.231,0.000000,node_network_receive_bytes_total,lo,192.168.2.128:9100,node exporter
19:02:33.314,707537412.000000,node_network_receive_bytes_total,eth0,192.168.2.128:9100,node exporter
19:02:33.314,0.000000,node_network_receive_bytes_total,lo,192.168.2.128:9100,node exporter
19:02:34.385,707538302.000000,node_network_receive_bytes_total,eth0,192.168.2.128:9100,node exporter
19:02:34.385,0.000000,node_network_receive_bytes_total,lo,192.168.2.128:9100,node exporter
19:02:35.454,707539192.000000,node_network_receive_bytes_total,eth0,192.168.2.128:9100,node exporter
19:02:35.454,0.000000,node_network_receive_bytes_total,lo,192.168.2.128:9100,node exporter
19:02:36.570,707540082.000000,node_network_receive_bytes_total,eth0,192.168.2.128:9100,node exporter
19:02:36.570,0.000000,node_network_receive_bytes_total,lo,192.168.2.128:9100,node exporter
19:02:37.638,707540972.000000,node_network_receive_bytes_total,eth0,192.168.2.128:9100,node exporter
19:02:37.638,0.000000,node_network_receive_bytes_total,lo,192.168.2.128:9100,node exporter
19:02:38.710,707541862.000000,node_network_receive_bytes_total,eth0,192.168.2.128:9100,node exporter
19:02:38.710,0.000000,node_network_receive_bytes_total,lo,192.168.2.128:9100,node exporter
19:02:39.774,707542752.000000,node_network_receive_bytes_total,eth0,192.168.2.128:9100,node exporter
19:02:39.774,0.000000,node_network_receive_bytes_total,lo,192.168.2.128:9100,node exporter
19:02:40.894,707543642.000000,node_network_receive_bytes_total,eth0,192.168.2.128:9100,node exporter
19:02:40.894,0.000000,node_network_receive_bytes_total,lo,192.168.2.128:9100,node exporter
19:02:41.970,707544532.000000,node_network_receive_bytes_total,eth0,192.168.2.128:9100,node exporter
19:02:41.970,0.000000,node_network_receive_bytes_total,lo,192.168.2.128:9100,node exporter
19:02:43.050,707546312.000000,node_network_receive_bytes_total,eth0,192.168.2.128:9100,node exporter
19:02:43.050,0.000000,node_network_receive_bytes_total,lo,192.168.2.128:9100,node exporter
19:02:44.123,707547202.000000,node_network_receive_bytes_total,eth0,192.168.2.128:9100,node exporter
19:02:44.123,0.000000,node_network_receive_bytes_total,lo,192.168.2.128:9100,node exporter
19:02:45.239,707548092.000000,node_network_receive_bytes_total,eth0,192.168.2.128:9100,node exporter
19:02:45.239,0.000000,node_network_receive_bytes_total,lo,192.168.2.128:9100,node exporter
19:02:46.308,707548982.000000,node_network_receive_bytes_total,eth0,192.168.2.128:9100,node exporter
19:02:46.308,0.000000,node_network_receive_bytes_total,lo,192.168.2.128:9100,node exporter
19:02:47.378,707549872.000000,node_network_receive_bytes_total,eth0,192.168.2.128:9100,node exporter
19:02:47.378,0.000000,node_network_receive_bytes_total,lo,192.168.2.128:9100,node exporter
19:02:48.445,707550762.000000,node_network_receive_bytes_total,eth0,192.168.2.128:9100,node exporter
19:02:48.445,0.000000,node_network_receive_bytes_total,lo,192.168.2.128:9100,node exporter
19:02:49.567,707551652.000000,node_network_receive_bytes_total,eth0,192.168.2.128:9100,node exporter
19:02:49.567,0.000000,node_network_receive_bytes_total,lo,192.168.2.128:9100,node exporter
19:02:50.638,707552542.000000,node_network_receive_bytes_total,eth0,192.168.2.128:9100,node exporter
19:02:50.638,0.000000,node_network_receive_bytes_total,lo,192.168.2.128:9100,node exporter
19:02:51.709,707553432.000000,node_network_receive_bytes_total,eth0,192.168.2.128:9100,node exporter
19:02:51.709,0.000000,node_network_receive_bytes_total,lo,192.168.2.128:9100,node exporter
19:02:52.778,707554322.000000,node_network_receive_bytes_total,eth0,192.168.2.128:9100,node exporter
19:02:52.778,0.000000,node_network_receive_bytes_total,lo,192.168.2.128:9100,node exporter
19:02:53.881,707555212.000000,node_network_receive_bytes_total,eth0,192.168.2.128:9100,node exporter
19:02:53.881,0.000000,node_network_receive_bytes_total,lo,192.168.2.128:9100,node exporter
19:02:54.959,707556102.000000,node_network_receive_bytes_total,eth0,192.168.2.128:9100,node exporter
19:02:54.959,0.000000,node_network_receive_bytes_total,lo,192.168.2.128:9100,node exporter
19:02:56.046,707557882.000000,node_network_receive_bytes_total,eth0,192.168.2.128:9100,node exporter
19:02:56.046,0.000000,node_network_receive_bytes_total,lo,192.168.2.128:9100,node exporter
19:02:57.123,707558772.000000,node_network_receive_bytes_total,eth0,192.168.2.128:9100,node exporter
19:02:57.123,0.000000,node_network_receive_bytes_total,lo,192.168.2.128:9100,node exporter
19:02:58.246,707559662.000000,node_network_receive_bytes_total,eth0,192.168.2.128:9100,node exporter
19:02:58.246,0.000000,node_network_receive_bytes_total,lo,192.168.2.128:9100,node exporter
19:02:59.327,707560552.000000,node_network_receive_bytes_total,eth0,192.168.2.128:9100,node exporter
19:02:59.327,0.000000,node_network_receive_bytes_total,lo,192.168.2.128:9100,node exporter
19:03:00.393,707561442.000000,node_network_receive_bytes_total,eth0,192.168.2.128:9100,node exporter
19:03:00.393,0.000000,node_network_receive_bytes_total,lo,192.168.2.128:9100,node exporter
19:03:01.459,707562332.000000,node_network_receive_bytes_total,eth0,192.168.2.128:9100,node exporter
19:03:01.459,0.000000,node_network_receive_bytes_total,lo,192.168.2.128:9100,node exporter
19:03:02.560,707563222.000000,node_network_receive_bytes_total,eth0,192.168.2.128:9100,node exporter
19:03:02.560,0.000000,node_network_receive_bytes_total,lo,192.168.2.128:9100,node exporter
19:03:03.627,707564112.000000,node_network_receive_bytes_total,eth0,192.168.2.128:9100,node exporter
19:03:03.627,0.000000,node_network_receive_bytes_total,lo,192.168.2.128:9100,node exporter
19:03:04.701,707565002.000000,node_network_receive_bytes_total,eth0,192.168.2.128:9100,node exporter
19:03:04.701,0.000000,node_network_receive_bytes_total,lo,192.168.2.128:9100,node exporter
19:03:05.758,707565892.000000,node_network_receive_bytes_total,eth0,192.168.2.128:9100,node exporter
19:03:05.758,0.000000,node_network_receive_bytes_total,lo,192.168.2.128:9100,node exporter
19:03:06.864,707566782.000000,node_network_receive_bytes_total,eth0,192.168.2.128:9100,node exporter
19:03:06.864,0.000000,node_network_receive_bytes_total,lo,192.168.2.128:9100,node exporter
19:03:07.927,707567672.000000,node_network_receive_bytes_total,eth0,192.168.2.128:9100,node exporter
19:03:07.927,0.000000,node_network_receive_bytes_total,lo,192.168.2.128:9100,node exporter
19:03:08.997,707568562.000000,node_network_receive_bytes_total,eth0,192.168.2.128:9100,node exporter
19:03:08.997,0.000000,node_network_receive_bytes_total,lo,192.168.2.128:9100,node exporter
19:03:10.083,707570342.000000,node_network_receive_bytes_total,eth0,192.168.2.128:9100,node exporter
19:03:10.083,0.000000,node_network_receive_bytes_total,lo,192.168.2.128:9100,node exporter
19:03:11.215,707571232.000000,node_network_receive_bytes_total,eth0,192.168.2.128:9100,node exporter
19:03:11.215,0.000000,node_network_receive_bytes_total,lo,192.168.2.128:9100,node exporter
19:03:12.272,707572122.000000,node_network_receive_bytes_total,eth0,192.168.2.128:9100,node exporter
19:03:12.272,0.000000,node_network_receive_bytes_total,lo,192.168.2.128:9100,node exporter
19:03:13.342,707573012.000000,node_network_receive_bytes_total,eth0,192.168.2.128:9100,node exporter
19:03:13.342,0.000000,node_network_receive_bytes_total,lo,192.168.2.128:9100,node exporter
19:03:14.407,707573902.000000,node_network_receive_bytes_total,eth0,192.168.2.128:9100,node exporter
19:03:14.407,0.000000,node_network_receive_bytes_total,lo,192.168.2.128:9100,node exporter
19:03:15.530,707574792.000000,node_network_receive_bytes_total,eth0,192.168.2.128:9100,node exporter
19:03:15.530,0.000000,node_network_receive_bytes_total,lo,192.168.2.128:9100,node exporter
19:03:16.599,707575682.000000,node_network_receive_bytes_total,eth0,192.168.2.128:9100,node exporter
19:03:16.599,0.000000,node_network_receive_bytes_total,lo,192.168.2.128:9100,node exporter
19:03:17.663,707576572.000000,node_network_receive_bytes_total,eth0,192.168.2.128:9100,node exporter
19:03:17.663,0.000000,node_network_receive_bytes_total,lo,192.168.2.128:9100,node exporter
19:03:18.723,707577462.000000,node_network_receive_bytes_total,eth0,192.168.2.128:9100,node exporter
19:03:18.723,0.000000,node_network_receive_bytes_total,lo,192.168.2.128:9100,node exporter
19:03:19.841,707578352.000000,node_network_receive_bytes_total,eth0,192.168.2.128:9100,node exporter
19:03:19.841,0.000000,node_network_receive_bytes_total,lo,192.168.2.128:9100,node exporter
19:03:20.906,707579242.000000,node_network_receive_bytes_total,eth0,192.168.2.128:9100,node exporter
19:03:20.906,0.000000,node_network_receive_bytes_total,lo,192.168.2.128:9100,node exporter
19:03:21.968,707580132.000000,node_network_receive_bytes_total,eth0,192.168.2.128:9100,node exporter
19:03:21.968,0.000000,node_network_receive_bytes_total,lo,192.168.2.128:9100,node exporter
19:03:23.039,707581022.000000,node_network_receive_bytes_total,eth0,192.168.2.128:9100,node exporter
19:03:23.039,0.000000,node_network_receive_bytes_total,lo,192.168.2.128:9100,node exporter
19:03:24.161,707582802.000000,node_network_receive_bytes_total,eth0,192.168.2.128:9100,node exporter
19:03:24.161,0.000000,node_network_receive_bytes_total,lo,192.168.2.128:9100,node exporter
19:03:25.227,707583692.000000,node_network_receive_bytes_total,eth0,192.168.2.128:9100,node exporter
19:03:25.227,0.000000,node_network_receive_bytes_total,lo,192.168.2.128:9100,node exporter
19:03:26.288,707584582.000000,node_network_receive_bytes_total,eth0,192.168.2.128:9100,node exporter
19:03:26.288,0.000000,node_network_receive_bytes_total,lo,192.168.2.128:9100,node exporter
19:03:27.363,707585472.000000,node_network_receive_bytes_total,eth0,192.168.2.128:9100,node exporter
19:03:27.363,0.000000,node_network_receive_bytes_total,lo,192.168.2.128:9100,node exporter
19:03:28.452,707586362.000000,node_network_receive_bytes_total,eth0,192.168.2.128:9100,node exporter
19:03:28.452,0.000000,node_network_receive_bytes_total,lo,192.168.2.128:9100,node exporter
19:03:29.515,707587252.000000,node_network_receive_bytes_total,eth0,192.168.2.128:9100,node exporter
19:03:29.515,0.000000,node_network_receive_bytes_total,lo,192.168.2.128:9100,node exporter
19:03:30.574,707588142.000000,node_network_receive_bytes_total,eth0,192.168.2.128:9100,node exporter
19:03:30.574,0.000000,node_network_receive_bytes_total,lo,192.168.2.128:9100,node exporter
19:03:31.639,707589032.000000,node_network_receive_bytes_total,eth0,192.168.2.128:9100,node exporter
19:03:31.639,0.000000,node_network_receive_bytes_total,lo,192.168.2.128:9100,node exporter
19:03:32.732,707589922.000000,node_network_receive_bytes_total,eth0,192.168.2.128:9100,node exporter
19:03:32.732,0.000000,node_network_receive_bytes_total,lo,192.168.2.128:9100,node exporter
19:03:33.793,707590812.000000,node_network_receive_bytes_total,eth0,192.168.2.128:9100,node exporter
19:03:33.793,0.000000,node_network_receive_bytes_total,lo,192.168.2.128:9100,node exporter
19:03:34.853,707591702.000000,node_network_receive_bytes_total,eth0,192.168.2.128:9100,node exporter
19:03:34.853,0.000000,node_network_receive_bytes_total,lo,192.168.2.128:9100,node exporter
19:03:35.911,707592592.000000,node_network_receive_bytes_total,eth0,192.168.2.128:9100,node exporter
19:03:35.911,0.000000,node_network_receive_bytes_total,lo,192.168.2.128:9100,node exporter
19:03:37.010,707593482.000000,node_network_receive_bytes_total,eth0,192.168.2.128:9100,node exporter
19:03:37.010,0.000000,node_network_receive_bytes_total,lo,192.168.2.128:9100,node exporter
19:03:38.082,707595262.000000,node_network_receive_bytes_total,eth0,192.168.2.128:9100,node exporter
19:03:38.082,0.000000,node_network_receive_bytes_total,lo,192.168.2.128:9100,node exporter
19:03:39.151,707596152.000000,node_network_receive_bytes_total,eth0,192.168.2.128:9100,node exporter
19:03:39.151,0.000000,node_network_receive_bytes_total,lo,192.168.2.128:9100,node exporter
19:03:40.208,707597042.000000,node_network_receive_bytes_total,eth0,192.168.2.128:9100,node exporter
19:03:40.208,0.000000,node_network_receive_bytes_total,lo,192.168.2.128:9100,node exporter
19:03:41.299,707597932.000000,node_network_receive_bytes_total,eth0,192.168.2.128:9100,node exporter
19:03:41.299,0.000000,node_network_receive_bytes_total,lo,192.168.2.128:9100,node exporter
19:03:42.365,707598822.000000,node_network_receive_bytes_total,eth0,192.168.2.128:9100,node exporter
19:03:42.365,0.000000,node_network_receive_bytes_total,lo,192.168.2.128:9100,node exporter
19:03:43.431,707599712.000000,node_network_receive_bytes_total,eth0,192.168.2.128:9100,node exporter
19:03:43.431,0.000000,node_network_receive_bytes_total,lo,192.168.2.128:9100,node exporter
19:03:44.488,707600602.000000,node_network_receive_bytes_total,eth0,192.168.2.128:9100,node exporter
19:03:44.488,0.000000,node_network_receive_bytes_total,lo,192.168.2.128:9100,node exporter
19:03:45.582,707601492.000000,node_network_receive_bytes_total,eth0,192.168.2.128:9100,node exporter
19:03:45.582,0.000000,node_network_receive_bytes_total,lo,192.168.2.128:9100,node exporter
19:03:46.641,707602382.000000,node_network_receive_bytes_total,eth0,192.168.2.128:9100,node exporter
19:03:46.641,0.000000,node_network_receive_bytes_total,lo,192.168.2.128:9100,node exporter
19:03:47.697,707603272.000000,node_network_receive_bytes_total,eth0,192.168.2.128:9100,node exporter
19:03:47.697,0.000000,node_network_receive_bytes_total,lo,192.168.2.128:9100,node exporter
19:03:48.753,707604162.000000,node_network_receive_bytes_total,eth0,192.168.2.128:9100,node exporter
19:03:48.753,0.000000,node_network_receive_bytes_total,lo,192.168.2.128:9100,node exporter
19:03:49.809,707605052.000000,node_network_receive_bytes_total,eth0,192.168.2.128:9100,node exporter
19:03:49.809,0.000000,node_network_receive_bytes_total,lo,192.168.2.128:9100,node exporter
19:03:50.911,707605942.000000,node_network_receive_bytes_total,eth0,192.168.2.128:9100,node exporter
19:03:50.911,0.000000,node_network_receive_bytes_total,lo,192.168.2.128:9100,node exporter
19:03:51.970,707606832.000000,node_network_receive_bytes_total,eth0,192.168.2.128:9100,node exporter
19:03:51.970,0.000000,node_network_receive_bytes_total,lo,192.168.2.128:9100,node exporter
19:03:53.052,707608612.000000,node_network_receive_bytes_total,eth0,192.168.2.128:9100,node exporter
19:03:53.052,0.000000,node_network_receive_bytes_total,lo,192.168.2.128:9100,node exporter
19:03:54.148,707609502.000000,node_network_receive_bytes_total,eth0,192.168.2.128:9100,node exporter
19:03:54.148,0.000000,node_network_receive_bytes_total,lo,192.168.2.128:9100,node exporter
19:03:55.232,707610392.000000,node_network_receive_bytes_total,eth0,192.168.2.128:9100,node exporter
19:03:55.232,0.000000,node_network_receive_bytes_total,lo,192.168.2.128:9100,node exporter
19:03:56.297,707611282.000000,node_network_receive_bytes_total,eth0,192.168.2.128:9100,node exporter
19:03:56.297,0.000000,node_network_receive_bytes_total,lo,192.168.2.128:9100,node exporter
19:03:57.347,707612172.000000,node_network_receive_bytes_total,eth0,192.168.2.128:9100,node exporter
19:03:57.347,0.000000,node_network_receive_bytes_total,lo,192.168.2.128:9100,node exporter
19:03:58.405,707613062.000000,node_network_receive_bytes_total,eth0,192.168.2.128:9100,node exporter
19:03:58.405,0.000000,node_network_receive_bytes_total,lo,192.168.2.128:9100,node exporter
19:03:59.528,707613952.000000,node_network_receive_bytes_total,eth0,192.168.2.128:9100,node exporter
19:03:59.528,0.000000,node_network_receive_bytes_total,lo,192.168.2.128:9100,node exporter
19:04:00.586,707614842.000000,node_network_receive_bytes_total,eth0,192.168.2.128:9100,node exporter
19:04:00.586,0.000000,node_network_receive_bytes_total,lo,192.168.2.128:9100,node exporter
19:04:01.635,707615732.000000,node_network_receive_bytes_total,eth0,192.168.2.128:9100,node exporter
19:04:01.635,0.000000,node_network_receive_bytes_total,lo,192.168.2.128:9100,node exporter
19:04:02.694,707616622.000000,node_network_receive_bytes_total,eth0,192.168.2.128:9100,node exporter
19:04:02.694,0.000000,node_network_receive_bytes_total,lo,192.168.2.128:9100,node exporter
19:04:03.782,707617512.000000,node_network_receive_bytes_total,eth0,192.168.2.128:9100,node exporter
19:04:03.782,0.000000,node_network_receive_bytes_total,lo,192.168.2.128:9100,node exporter
19:04:04.842,707618402.000000,node_network_receive_bytes_total,eth0,192.168.2.128:9100,node exporter
19:04:04.842,0.000000,node_network_receive_bytes_total,lo,192.168.2.128:9100,node exporter
19:04:05.903,707619292.000000,node_network_receive_bytes_total,eth0,192.168.2.128:9100,node exporter
19:04:05.903,0.000000,node_network_receive_bytes_total,lo,192.168.2.128:9100,node exporter
19:04:06.960,707620182.000000,node_network_receive_bytes_total,eth0,192.168.2.128:9100,node exporter
19:04:06.960,0.000000,node_network_receive_bytes_total,lo,192.168.2.128:9100,node exporter
19:04:08.075,707621962.000000,node_network_receive_bytes_total,eth0,192.168.2.128:9100,node exporter
19:04:08.075,0.000000,node_network_receive_bytes_total,lo,192.168.2.128:9100,node exporter
19:04:09.141,707622852.000000,node_network_receive_bytes_total,eth0,192.168.2.128:9100,node exporter
19:04:09.141,0.000000,node_network_receive_bytes_total,lo,192.168.2.128:9100,node exporter
19:04:10.209,707623742.000000,node_network_receive_bytes_total,eth0,192.168.2.128:9100,node exporter
19:04:10.209,0.000000,node_network_receive_bytes_total,lo,192.168.2.128:9100,node exporter
19:04:11.265,707624632.000000,node_network_receive_bytes_total,eth0,192.168.2.128:9100,node exporter
19:04:11.265,0.000000,node_network_receive_bytes_total,lo,192.168.2.128:9100,node exporter
19:04:12.352,707625522.000000,node_network_receive_bytes_total,eth0,192.168.2.128:9100,node exporter
19:04:12.352,0.000000,node_network_receive_bytes_total,lo,192.168.2.128:9100,node exporter
19:04:13.411,707626412.000000,node_network_receive_bytes_total,eth0,192.168.2.128:9100,node exporter
19:04:13.411,0.000000,node_network_receive_bytes_total,lo,192.168.2.128:9100,node exporter
19:04:14.472,707627302.000000,node_network_receive_bytes_total,eth0,192.168.2.128:9100,node exporter
19:04:14.472,0.000000,node_network_receive_bytes_total,lo,192.168.2.128:9100,node exporter
19:04:15.536,707628192.000000,node_network_receive_bytes_total,eth0,192.168.2.128:9100,node exporter
19:04:15.536,0.000000,node_network_receive_bytes_total,lo,192.168.2.128:9100,node exporter
19:04:16.637,707629082.000000,node_network_receive_bytes_total,eth0,192.168.2.128:9100,node exporter
19:04:16.637,0.000000,node_network_receive_bytes_total,lo,192.168.2.128:9100,node exporter
19:04:17.695,707629972.000000,node_network_receive_bytes_total,eth0,192.168.2.128:9100,node exporter
19:04:17.695,0.000000,node_network_receive_bytes_total,lo,192.168.2.128:9100,node exporter
19:04:18.748,707630862.000000,node_network_receive_bytes_total,eth0,192.168.2.128:9100,node exporter
19:04:18.748,0.000000,node_network_receive_bytes_total,lo,192.168.2.128:9100,node exporter
