timestamp,value,__name__,instance,job,value_source
18:55:54.445,15754042921.000000,scaph_host_energy_microjoules,192.168.2.128:8080,scaphandre,powercap_rapl_psys
18:55:55.545,15754042921.000000,scaph_host_energy_microjoules,192.168.2.128:8080,scaphandre,powercap_rapl_psys
18:55:56.623,15754042921.000000,scaph_host_energy_microjoules,192.168.2.128:8080,scaphandre,powercap_rapl_psys
18:55:57.720,15754042921.000000,scaph_host_energy_microjoules,192.168.2.128:8080,scaphandre,powercap_rapl_psys
18:55:58.894,16069450012.000000,scaph_host_energy_microjoules,192.168.2.128:8080,scaphandre,powercap_rapl_psys
18:55:59.983,16069450012.000000,scaph_host_energy_microjoules,192.168.2.128:8080,scaphandre,powercap_rapl_psys
18:56:01.076,16069450012.000000,scaph_host_energy_microjoules,192.168.2.128:8080,scaphandre,powercap_rapl_psys
18:56:02.167,16069450012.000000,scaph_host_energy_microjoules,192.168.2.128:8080,scaphandre,powercap_rapl_psys
18:56:03.261,16069450012.000000,scaph_host_energy_microjoules,192.168.2.128:8080,scaphandre,powercap_rapl_psys
18:56:04.338,16370586875.000000,scaph_host_energy_microjoules,192.168.2.128:8080,scaphandre,powercap_rapl_psys
18:56:05.410,16370586875.000000,scaph_host_energy_microjoules,192.168.2.128:8080,scaphandre,powercap_rapl_psys
18:56:06.605,16370586875.000000,scaph_host_energy_microjoules,192.168.2.128:8080,scaphandre,powercap_rapl_psys
18:56:07.682,16370586875.000000,scaph_host_energy_microjoules,192.168.2.128:8080,scaphandre,powercap_rapl_psys
18:56:08.742,16655944177.000000,scaph_host_energy_microjoules,192.168.2.128:8080,scaphandre,powercap_rapl_psys
18:56:09.819,16655944177.000000,scaph_host_energy_microjoules,192.168.2.128:8080,scaphandre,powercap_rapl_psys
18:56:10.889,16655944177.000000,scaph_host_energy_microjoules,192.168.2.128:8080,scaphandre,powercap_rapl_psys
18:56:11.964,16655944177.000000,scaph_host_energy_microjoules,192.168.2.128:8080,scaphandre,powercap_rapl_psys
18:56:13.056,16655944177.000000,scaph_host_energy_microjoules,192.168.2.128:8080,scaphandre,powercap_rapl_psys
18:56:14.273,16974027347.000000,scaph_host_energy_microjoules,192.168.2.128:8080,scaphandre,powercap_rapl_psys
18:56:15.359,16974027347.000000,scaph_host_energy_microjoules,192.168.2.128:8080,scaphandre,powercap_rapl_psys
18:56:16.441,16974027347.000000,scaph_host_energy_microjoules,192.168.2.128:8080,scaphandre,powercap_rapl_psys
18:56:17.505,16974027347.000000,scaph_host_energy_microjoules,192.168.2.128:8080,scaphandre,powercap_rapl_psys
18:56:18.870,17283451664.000000,scaph_host_energy_microjoules,192.168.2.128:8080,scaphandre,powercap_rapl_psys
18:56:19.966,17283451664.000000,scaph_host_energy_microjoules,192.168.2.128:8080,scaphandre,powercap_rapl_psys
18:56:21.079,17283451664.000000,scaph_host_energy_microjoules,192.168.2.128:8080,scaphandre,powercap_rapl_psys
18:56:22.201,17283451664.000000,scaph_host_energy_microjoules,192.168.2.128:8080,scaphandre,powercap_rapl_psys
18:56:23.304,17283451664.000000,scaph_host_energy_microjoules,192.168.2.128:8080,scaphandre,powercap_rapl_psys
18:56:24.903,17635136006.000000,scaph_host_energy_microjoules,192.168.2.128:8080,scaphandre,powercap_rapl_psys
18:56:26.165,17635136006.000000,scaph_host_energy_microjoules,192.168.2.128:8080,scaphandre,powercap_rapl_psys
18:56:27.991,17635136006.000000,scaph_host_energy_microjoules,192.168.2.128:8080,scaphandre,powercap_rapl_psys
18:56:29.214,18016198385.000000,scaph_host_energy_microjoules,192.168.2.128:8080,scaphandre,powercap_rapl_psys
18:56:30.422,18016198385.000000,scaph_host_energy_microjoules,192.168.2.128:8080,scaphandre,powercap_rapl_psys
18:56:31.600,18016198385.000000,scaph_host_energy_microjoules,192.168.2.128:8080,scaphandre,powercap_rapl_psys
18:56:33.088,18016198385.000000,scaph_host_energy_microjoules,192.168.2.128:8080,scaphandre,powercap_rapl_psys
18:56:34.404,18401427501.000000,scaph_host_energy_microjoules,192.168.2.128:8080,scaphandre,powercap_rapl_psys
18:56:35.735,18401427501.000000,scaph_host_energy_microjoules,192.168.2.128:8080,scaphandre,powercap_rapl_psys
18:56:37.016,18401427501.000000,scaph_host_energy_microjoules,192.168.2.128:8080,scaphandre,powercap_rapl_psys
18:56:38.200,18401427501.000000,scaph_host_energy_microjoules,192.168.2.128:8080,scaphandre,powercap_rapl_psys
18:56:39.351,18767322499.000000,scaph_host_energy_microjoules,192.168.2.128:8080,scaphandre,powercap_rapl_psys
18:56:40.578,18767322499.000000,scaph_host_energy_microjoules,192.168.2.128:8080,scaphandre,powercap_rapl_psys
18:56:41.782,18767322499.000000,scaph_host_energy_microjoules,192.168.2.128:8080,scaphandre,powercap_rapl_psys
18:56:43.279,18767322499.000000,scaph_host_energy_microjoules,192.168.2.128:8080,scaphandre,powercap_rapl_psys
18:56:44.477,19136059959.000000,scaph_host_energy_microjoules,192.168.2.128:8080,scaphandre,powercap_rapl_psys
18:56:45.666,19136059959.000000,scaph_host_energy_microjoules,192.168.2.128:8080,scaphandre,powercap_rapl_psys
18:56:46.895,19136059959.000000,scaph_host_energy_microjoules,192.168.2.128:8080,scaphandre,powercap_rapl_psys
18:56:48.152,19136059959.000000,scaph_host_energy_microjoules,192.168.2.128:8080,scaphandre,powercap_rapl_psys
18:56:49.377,19515109342.000000,scaph_host_energy_microjoules,192.168.2.128:8080,scaphandre,powercap_rapl_psys
18:56:50.659,19515109342.000000,scaph_host_energy_microjoules,192.168.2.128:8080,scaphandre,powercap_rapl_psys
18:56:52.087,19515109342.000000,scaph_host_energy_microjoules,192.168.2.128:8080,scaphandre,powercap_rapl_psys
18:56:53.282,19515109342.000000,scaph_host_energy_microjoules,192.168.2.128:8080,scaphandre,powercap_rapl_psys
18:56:54.741,19866717207.000000,scaph_host_energy_microjoules,192.168.2.128:8080,scaphandre,powercap_rapl_psys
18:56:55.898,19866717207.000000,scaph_host_energy_microjoules,192.168.2.128:8080,scaphandre,powercap_rapl_psys
18:56:57.109,19866717207.000000,scaph_host_energy_microjoules,192.168.2.128:8080,scaphandre,powercap_rapl_psys
18:56:58.348,19866717207.000000,scaph_host_energy_microjoules,192.168.2.128:8080,scaphandre,powercap_rapl_psys
18:56:59.812,20239842778.000000,scaph_host_energy_microjoules,192.168.2.128:8080,scaphandre,powercap_rapl_psys
18:57:01.013,20239842778.000000,scaph_host_energy_microjoules,192.168.2.128:8080,scaphandre,powercap_rapl_psys
18:57:02.218,20239842778.000000,scaph_host_energy_microjoules,192.168.2.128:8080,scaphandre,powercap_rapl_psys
18:57:03.619,20590665732.000000,scaph_host_energy_microjoules,192.168.2.128:8080,scaphandre,powercap_rapl_psys
18:57:04.786,20590665732.000000,scaph_host_energy_microjoules,192.168.2.128:8080,scaphandre,powercap_rapl_psys
18:57:05.980,20590665732.000000,scaph_host_energy_microjoules,192.168.2.128:8080,scaphandre,powercap_rapl_psys
18:57:07.315,20590665732.000000,scaph_host_energy_microjoules,192.168.2.128:8080,scaphandre,powercap_rapl_psys
18:57:08.812,20958177548.000000,scaph_host_energy_microjoules,192.168.2.128:8080,scaphandre,powercap_rapl_psys
18:57:10.021,20958177548.000000,scaph_host_energy_microjoules,192.168.2.128:8080,scaphandre,powercap_rapl_psys
18:57:11.254,20958177548.000000,scaph_host_energy_microjoules,192.168.2.128:8080,scaphandre,powercap_rapl_psys
18:57:12.453,20958177548.000000,scaph_host_energy_microjoules,192.168.2.128:8080,scaphandre,powercap_rapl_psys
18:57:13.823,21312409246.000000,scaph_host_energy_microjoules,192.168.2.128:8080,scaphandre,powercap_rapl_psys
18:57:15.072,21312409246.000000,scaph_host_energy_microjoules,192.168.2.128:8080,scaphandre,powercap_rapl_psys
18:57:16.451,21312409246.000000,scaph_host_energy_microjoules,192.168.2.128:8080,scaphandre,powercap_rapl_psys
18:57:17.551,21312409246.000000,scaph_host_energy_microjoules,192.168.2.128:8080,scaphandre,powercap_rapl_psys
18:57:18.634,21597588447.000000,scaph_host_energy_microjoules,192.168.2.128:8080,scaphandre,powercap_rapl_psys
18:57:19.719,21597588447.000000,scaph_host_energy_microjoules,192.168.2.128:8080,scaphandre,powercap_rapl_psys
18:57:20.889,21597588447.000000,scaph_host_energy_microjoules,192.168.2.128:8080,scaphandre,powercap_rapl_psys
18:57:22.086,21597588447.000000,scaph_host_energy_microjoules,192.168.2.128:8080,scaphandre,powercap_rapl_psys
18:57:23.198,21597588447.000000,scaph_host_energy_microjoules,192.168.2.128:8080,scaphandre,powercap_rapl_psys
18:57:24.297,21929689404.000000,scaph_host_energy_microjoules,192.168.2.128:8080,scaphandre,powercap_rapl_psys
18:57:25.585,21929689404.000000,scaph_host_energy_microjoules,192.168.2.128:8080,scaphandre,powercap_rapl_psys
18:57:26.669,21929689404.000000,scaph_host_energy_microjoules,192.168.2.128:8080,scaphandre,powercap_rapl_psys
18:57:27.806,21929689404.000000,scaph_host_energy_microjoules,192.168.2.128:8080,scaphandre,powercap_rapl_psys
18:57:28.886,22206087988.000000,scaph_host_energy_microjoules,192.168.2.128:8080,scaphandre,powercap_rapl_psys
18:57:29.985,22206087988.000000,scaph_host_energy_microjoules,192.168.2.128:8080,scaphandre,powercap_rapl_psys
18:57:31.128,22206087988.000000,scaph_host_energy_microjoules,192.168.2.128:8080,scaphandre,powercap_rapl_psys
18:57:32.211,22206087988.000000,scaph_host_energy_microjoules,192.168.2.128:8080,scaphandre,powercap_rapl_psys
18:57:33.287,22206087988.000000,scaph_host_energy_microjoules,192.168.2.128:8080,scaphandre,powercap_rapl_psys
18:57:34.392,22460840388.000000,scaph_host_energy_microjoules,192.168.2.128:8080,scaphandre,powercap_rapl_psys
18:57:36.105,22460840388.000000,scaph_host_energy_microjoules,192.168.2.128:8080,scaphandre,powercap_rapl_psys
18:57:37.411,22460840388.000000,scaph_host_energy_microjoules,192.168.2.128:8080,scaphandre,powercap_rapl_psys
18:57:38.754,22828786711.000000,scaph_host_energy_microjoules,192.168.2.128:8080,scaphandre,powercap_rapl_psys
18:57:40.377,22828786711.000000,scaph_host_energy_microjoules,192.168.2.128:8080,scaphandre,powercap_rapl_psys
18:57:41.664,22828786711.000000,scaph_host_energy_microjoules,192.168.2.128:8080,scaphandre,powercap_rapl_psys
18:57:43.043,22828786711.000000,scaph_host_energy_microjoules,192.168.2.128:8080,scaphandre,powercap_rapl_psys
18:57:44.216,23165495322.000000,scaph_host_energy_microjoules,192.168.2.128:8080,scaphandre,powercap_rapl_psys
18:57:45.830,23165495322.000000,scaph_host_energy_microjoules,192.168.2.128:8080,scaphandre,powercap_rapl_psys
18:57:47.092,23165495322.000000,scaph_host_energy_microjoules,192.168.2.128:8080,scaphandre,powercap_rapl_psys
18:57:48.468,23495595490.000000,scaph_host_energy_microjoules,192.168.2.128:8080,scaphandre,powercap_rapl_psys
18:57:49.578,23495595490.000000,scaph_host_energy_microjoules,192.168.2.128:8080,scaphandre,powercap_rapl_psys
18:57:51.087,23495595490.000000,scaph_host_energy_microjoules,192.168.2.128:8080,scaphandre,powercap_rapl_psys
18:57:52.453,23495595490.000000,scaph_host_energy_microjoules,192.168.2.128:8080,scaphandre,powercap_rapl_psys
18:57:53.623,23847622055.000000,scaph_host_energy_microjoules,192.168.2.128:8080,scaphandre,powercap_rapl_psys
18:57:54.965,23847622055.000000,scaph_host_energy_microjoules,192.168.2.128:8080,scaphandre,powercap_rapl_psys
18:57:56.242,23847622055.000000,scaph_host_energy_microjoules,192.168.2.128:8080,scaphandre,powercap_rapl_psys
18:57:57.487,23847622055.000000,scaph_host_energy_microjoules,192.168.2.128:8080,scaphandre,powercap_rapl_psys
18:57:58.786,24221897769.000000,scaph_host_energy_microjoules,192.168.2.128:8080,scaphandre,powercap_rapl_psys
18:58:00.084,24221897769.000000,scaph_host_energy_microjoules,192.168.2.128:8080,scaphandre,powercap_rapl_psys
18:58:01.398,24221897769.000000,scaph_host_energy_microjoules,192.168.2.128:8080,scaphandre,powercap_rapl_psys
18:58:02.680,24221897769.000000,scaph_host_energy_microjoules,192.168.2.128:8080,scaphandre,powercap_rapl_psys
18:58:03.981,24585585009.000000,scaph_host_energy_microjoules,192.168.2.128:8080,scaphandre,powercap_rapl_psys
18:58:05.206,24585585009.000000,scaph_host_energy_microjoules,192.168.2.128:8080,scaphandre,powercap_rapl_psys
18:58:06.457,24585585009.000000,scaph_host_energy_microjoules,192.168.2.128:8080,scaphandre,powercap_rapl_psys
18:58:07.793,24585585009.000000,scaph_host_energy_microjoules,192.168.2.128:8080,scaphandre,powercap_rapl_psys
18:58:09.044,24953290916.000000,scaph_host_energy_microjoules,192.168.2.128:8080,scaphandre,powercap_rapl_psys
18:58:10.178,24953290916.000000,scaph_host_energy_microjoules,192.168.2.128:8080,scaphandre,powercap_rapl_psys
18:58:11.614,24953290916.000000,scaph_host_energy_microjoules,192.168.2.128:8080,scaphandre,powercap_rapl_psys
18:58:12.784,24953290916.000000,scaph_host_energy_microjoules,192.168.2.128:8080,scaphandre,powercap_rapl_psys
18:58:13.902,25301177660.000000,scaph_host_energy_microjoules,192.168.2.128:8080,scaphandre,powercap_rapl_psys
18:58:15.119,25301177660.000000,scaph_host_energy_microjoules,192.168.2.128:8080,scaphandre,powercap_rapl_psys
18:58:16.312,25301177660.000000,scaph_host_energy_microjoules,192.168.2.128:8080,scaphandre,powercap_rapl_psys
18:58:17.690,25301177660.000000,scaph_host_energy_microjoules,192.168.2.128:8080,scaphandre,powercap_rapl_psys
18:58:18.825,25649752329.000000,scaph_host_energy_microjoules,192.168.2.128:8080,scaphandre,powercap_rapl_psys
18:58:19.961,25649752329.000000,scaph_host_energy_microjoules,192.168.2.128:8080,scaphandre,powercap_rapl_psys
18:58:21.129,25649752329.000000,scaph_host_energy_microjoules,192.168.2.128:8080,scaphandre,powercap_rapl_psys
18:58:22.402,25649752329.000000,scaph_host_energy_microjoules,192.168.2.128:8080,scaphandre,powercap_rapl_psys
18:58:23.505,25953413844.000000,scaph_host_energy_microjoules,192.168.2.128:8080,scaphandre,powercap_rapl_psys
18:58:24.646,25953413844.000000,scaph_host_energy_microjoules,192.168.2.128:8080,scaphandre,powercap_rapl_psys
18:58:26.458,25953413844.000000,scaph_host_energy_microjoules,192.168.2.128:8080,scaphandre,powercap_rapl_psys
18:58:27.551,25953413844.000000,scaph_host_energy_microjoules,192.168.2.128:8080,scaphandre,powercap_rapl_psys
18:58:28.919,26286481534.000000,scaph_host_energy_microjoules,192.168.2.128:8080,scaphandre,powercap_rapl_psys
18:58:30.077,26286481534.000000,scaph_host_energy_microjoules,192.168.2.128:8080,scaphandre,powercap_rapl_psys
18:58:31.221,26286481534.000000,scaph_host_energy_microjoules,192.168.2.128:8080,scaphandre,powercap_rapl_psys
18:58:32.614,26286481534.000000,scaph_host_energy_microjoules,192.168.2.128:8080,scaphandre,powercap_rapl_psys
18:58:33.773,26624987992.000000,scaph_host_energy_microjoules,192.168.2.128:8080,scaphandre,powercap_rapl_psys
18:58:35.145,26624987992.000000,scaph_host_energy_microjoules,192.168.2.128:8080,scaphandre,powercap_rapl_psys
18:58:36.262,26624987992.000000,scaph_host_energy_microjoules,192.168.2.128:8080,scaphandre,powercap_rapl_psys
18:58:37.587,26624987992.000000,scaph_host_energy_microjoules,192.168.2.128:8080,scaphandre,powercap_rapl_psys
18:58:38.739,26976579194.000000,scaph_host_energy_microjoules,192.168.2.128:8080,scaphandre,powercap_rapl_psys
18:58:40.008,26976579194.000000,scaph_host_energy_microjoules,192.168.2.128:8080,scaphandre,powercap_rapl_psys
18:58:41.584,26976579194.000000,scaph_host_energy_microjoules,192.168.2.128:8080,scaphandre,powercap_rapl_psys
18:58:42.708,26976579194.000000,scaph_host_energy_microjoules,192.168.2.128:8080,scaphandre,powercap_rapl_psys
18:58:43.836,27317587476.000000,scaph_host_energy_microjoules,192.168.2.128:8080,scaphandre,powercap_rapl_psys
18:58:44.951,27317587476.000000,scaph_host_energy_microjoules,192.168.2.128:8080,scaphandre,powercap_rapl_psys
18:58:46.127,27317587476.000000,scaph_host_energy_microjoules,192.168.2.128:8080,scaphandre,powercap_rapl_psys
18:58:47.305,27317587476.000000,scaph_host_energy_microjoules,192.168.2.128:8080,scaphandre,powercap_rapl_psys
18:58:48.748,27676119456.000000,scaph_host_energy_microjoules,192.168.2.128:8080,scaphandre,powercap_rapl_psys
18:58:49.876,27676119456.000000,scaph_host_energy_microjoules,192.168.2.128:8080,scaphandre,powercap_rapl_psys
18:58:51.400,27676119456.000000,scaph_host_energy_microjoules,192.168.2.128:8080,scaphandre,powercap_rapl_psys
18:58:52.638,27676119456.000000,scaph_host_energy_microjoules,192.168.2.128:8080,scaphandre,powercap_rapl_psys
18:58:53.761,27998004557.000000,scaph_host_energy_microjoules,192.168.2.128:8080,scaphandre,powercap_rapl_psys
18:58:54.882,27998004557.000000,scaph_host_energy_microjoules,192.168.2.128:8080,scaphandre,powercap_rapl_psys
18:58:56.069,27998004557.000000,scaph_host_energy_microjoules,192.168.2.128:8080,scaphandre,powercap_rapl_psys
18:58:57.223,27998004557.000000,scaph_host_energy_microjoules,192.168.2.128:8080,scaphandre,powercap_rapl_psys
18:58:58.427,27998004557.000000,scaph_host_energy_microjoules,192.168.2.128:8080,scaphandre,powercap_rapl_psys
18:58:59.540,28305049853.000000,scaph_host_energy_microjoules,192.168.2.128:8080,scaphandre,powercap_rapl_psys
18:59:00.641,28305049853.000000,scaph_host_energy_microjoules,192.168.2.128:8080,scaphandre,powercap_rapl_psys
18:59:01.750,28305049853.000000,scaph_host_energy_microjoules,192.168.2.128:8080,scaphandre,powercap_rapl_psys
18:59:02.847,28305049853.000000,scaph_host_energy_microjoules,192.168.2.128:8080,scaphandre,powercap_rapl_psys
18:59:03.949,28540991754.000000,scaph_host_energy_microjoules,192.168.2.128:8080,scaphandre,powercap_rapl_psys
18:59:05.165,28540991754.000000,scaph_host_energy_microjoules,192.168.2.128:8080,scaphandre,powercap_rapl_psys
18:59:06.259,28540991754.000000,scaph_host_energy_microjoules,192.168.2.128:8080,scaphandre,powercap_rapl_psys
18:59:07.357,28540991754.000000,scaph_host_energy_microjoules,192.168.2.128:8080,scaphandre,powercap_rapl_psys
18:59:08.461,28773611642.000000,scaph_host_energy_microjoules,192.168.2.128:8080,scaphandre,powercap_rapl_psys
18:59:09.565,28773611642.000000,scaph_host_energy_microjoules,192.168.2.128:8080,scaphandre,powercap_rapl_psys
18:59:10.671,28773611642.000000,scaph_host_energy_microjoules,192.168.2.128:8080,scaphandre,powercap_rapl_psys
18:59:11.834,28773611642.000000,scaph_host_energy_microjoules,192.168.2.128:8080,scaphandre,powercap_rapl_psys
18:59:12.930,28773611642.000000,scaph_host_energy_microjoules,192.168.2.128:8080,scaphandre,powercap_rapl_psys
18:59:14.045,29006803183.000000,scaph_host_energy_microjoules,192.168.2.128:8080,scaphandre,powercap_rapl_psys
18:59:15.172,29006803183.000000,scaph_host_energy_microjoules,192.168.2.128:8080,scaphandre,powercap_rapl_psys
18:59:16.268,29006803183.000000,scaph_host_energy_microjoules,192.168.2.128:8080,scaphandre,powercap_rapl_psys
18:59:17.360,29006803183.000000,scaph_host_energy_microjoules,192.168.2.128:8080,scaphandre,powercap_rapl_psys
18:59:18.454,29226798836.000000,scaph_host_energy_microjoules,192.168.2.128:8080,scaphandre,powercap_rapl_psys
18:59:19.688,29226798836.000000,scaph_host_energy_microjoules,192.168.2.128:8080,scaphandre,powercap_rapl_psys
18:59:20.788,29226798836.000000,scaph_host_energy_microjoules,192.168.2.128:8080,scaphandre,powercap_rapl_psys
18:59:21.882,29226798836.000000,scaph_host_energy_microjoules,192.168.2.128:8080,scaphandre,powercap_rapl_psys
18:59:22.987,29226798836.000000,scaph_host_energy_microjoules,192.168.2.128:8080,scaphandre,powercap_rapl_psys
18:59:24.117,29454118689.000000,scaph_host_energy_microjoules,192.168.2.128:8080,scaphandre,powercap_rapl_psys
18:59:25.228,29454118689.000000,scaph_host_energy_microjoules,192.168.2.128:8080,scaphandre,powercap_rapl_psys
18:59:26.322,29454118689.000000,scaph_host_energy_microjoules,192.168.2.128:8080,scaphandre,powercap_rapl_psys
18:59:27.521,29454118689.000000,scaph_host_energy_microjoules,192.168.2.128:8080,scaphandre,powercap_rapl_psys
18:59:28.616,29681047063.000000,scaph_host_energy_microjoules,192.168.2.128:8080,scaphandre,powercap_rapl_psys
18:59:29.715,29681047063.000000,scaph_host_energy_microjoules,192.168.2.128:8080,scaphandre,powercap_rapl_psys
18:59:30.816,29681047063.000000,scaph_host_energy_microjoules,192.168.2.128:8080,scaphandre,powercap_rapl_psys
18:59:31.908,29681047063.000000,scaph_host_energy_microjoules,192.168.2.128:8080,scaphandre,powercap_rapl_psys
18:59:33.013,29681047063.000000,scaph_host_energy_microjoules,192.168.2.128:8080,scaphandre,powercap_rapl_psys
18:59:34.240,29911115382.000000,scaph_host_energy_microjoules,192.168.2.128:8080,scaphandre,powercap_rapl_psys
18:59:35.356,29911115382.000000,scaph_host_energy_microjoules,192.168.2.128:8080,scaphandre,powercap_rapl_psys
18:59:36.448,29911115382.000000,scaph_host_energy_microjoules,192.168.2.128:8080,scaphandre,powercap_rapl_psys
18:59:37.542,29911115382.000000,scaph_host_energy_microjoules,192.168.2.128:8080,scaphandre,powercap_rapl_psys
18:59:38.632,30128266133.000000,scaph_host_energy_microjoules,192.168.2.128:8080,scaphandre,powercap_rapl_psys
18:59:39.724,30128266133.000000,scaph_host_energy_microjoules,192.168.2.128:8080,scaphandre,powercap_rapl_psys
18:59:40.901,30128266133.000000,scaph_host_energy_microjoules,192.168.2.128:8080,scaphandre,powercap_rapl_psys
18:59:42.004,30128266133.000000,scaph_host_energy_microjoules,192.168.2.128:8080,scaphandre,powercap_rapl_psys
18:59:43.113,30128266133.000000,scaph_host_energy_microjoules,192.168.2.128:8080,scaphandre,powercap_rapl_psys
18:59:44.234,30351591550.000000,scaph_host_energy_microjoules,192.168.2.128:8080,scaphandre,powercap_rapl_psys
18:59:45.316,30351591550.000000,scaph_host_energy_microjoules,192.168.2.128:8080,scaphandre,powercap_rapl_psys
18:59:46.412,30351591550.000000,scaph_host_energy_microjoules,192.168.2.128:8080,scaphandre,powercap_rapl_psys
18:59:47.598,30351591550.000000,scaph_host_energy_microjoules,192.168.2.128:8080,scaphandre,powercap_rapl_psys
18:59:48.691,30577868497.000000,scaph_host_energy_microjoules,192.168.2.128:8080,scaphandre,powercap_rapl_psys
18:59:49.787,30577868497.000000,scaph_host_energy_microjoules,192.168.2.128:8080,scaphandre,powercap_rapl_psys
18:59:50.884,30577868497.000000,scaph_host_energy_microjoules,192.168.2.128:8080,scaphandre,powercap_rapl_psys
18:59:51.981,30577868497.000000,scaph_host_energy_microjoules,192.168.2.128:8080,scaphandre,powercap_rapl_psys
18:59:53.100,30577868497.000000,scaph_host_energy_microjoules,192.168.2.128:8080,scaphandre,powercap_rapl_psys
18:59:54.296,30802794008.000000,scaph_host_energy_microjoules,192.168.2.128:8080,scaphandre,powercap_rapl_psys
18:59:55.404,30802794008.000000,scaph_host_energy_microjoules,192.168.2.128:8080,scaphandre,powercap_rapl_psys
18:59:56.491,30802794008.000000,scaph_host_energy_microjoules,192.168.2.128:8080,scaphandre,powercap_rapl_psys
18:59:57.588,30802794008.000000,scaph_host_energy_microjoules,192.168.2.128:8080,scaphandre,powercap_rapl_psys
18:59:58.686,31025558330.000000,scaph_host_energy_microjoules,192.168.2.128:8080,scaphandre,powercap_rapl_psys
18:59:59.782,31025558330.000000,scaph_host_energy_microjoules,192.168.2.128:8080,scaphandre,powercap_rapl_psys
19:00:00.882,31025558330.000000,scaph_host_energy_microjoules,192.168.2.128:8080,scaphandre,powercap_rapl_psys
19:00:01.985,31025558330.000000,scaph_host_energy_microjoules,192.168.2.128:8080,scaphandre,powercap_rapl_psys
19:00:03.120,31025558330.000000,scaph_host_energy_microjoules,192.168.2.128:8080,scaphandre,powercap_rapl_psys
19:00:04.357,31295339866.000000,scaph_host_energy_microjoules,192.168.2.128:8080,scaphandre,powercap_rapl_psys
19:00:05.475,31295339866.000000,scaph_host_energy_microjoules,192.168.2.128:8080,scaphandre,powercap_rapl_psys
19:00:06.595,31295339866.000000,scaph_host_energy_microjoules,192.168.2.128:8080,scaphandre,powercap_rapl_psys
19:00:07.692,31295339866.000000,scaph_host_energy_microjoules,192.168.2.128:8080,scaphandre,powercap_rapl_psys
19:00:08.785,31589969544.000000,scaph_host_energy_microjoules,192.168.2.128:8080,scaphandre,powercap_rapl_psys
19:00:09.897,31589969544.000000,scaph_host_energy_microjoules,192.168.2.128:8080,scaphandre,powercap_rapl_psys
19:00:11.024,31589969544.000000,scaph_host_energy_microjoules,192.168.2.128:8080,scaphandre,powercap_rapl_psys
19:00:12.126,31589969544.000000,scaph_host_energy_microjoules,192.168.2.128:8080,scaphandre,powercap_rapl_psys
19:00:13.231,31589969544.000000,scaph_host_energy_microjoules,192.168.2.128:8080,scaphandre,powercap_rapl_psys
19:00:14.318,31820318869.000000,scaph_host_energy_microjoules,192.168.2.128:8080,scaphandre,powercap_rapl_psys
19:00:15.461,31820318869.000000,scaph_host_energy_microjoules,192.168.2.128:8080,scaphandre,powercap_rapl_psys
19:00:16.556,31820318869.000000,scaph_host_energy_microjoules,192.168.2.128:8080,scaphandre,powercap_rapl_psys
19:00:17.672,31820318869.000000,scaph_host_energy_microjoules,192.168.2.128:8080,scaphandre,powercap_rapl_psys
19:00:18.750,32042048709.000000,scaph_host_energy_microjoules,192.168.2.128:8080,scaphandre,powercap_rapl_psys
19:00:19.884,32042048709.000000,scaph_host_energy_microjoules,192.168.2.128:8080,scaphandre,powercap_rapl_psys
19:00:20.975,32042048709.000000,scaph_host_energy_microjoules,192.168.2.128:8080,scaphandre,powercap_rapl_psys
19:00:22.084,32042048709.000000,scaph_host_energy_microjoules,192.168.2.128:8080,scaphandre,powercap_rapl_psys
19:00:23.190,32042048709.000000,scaph_host_energy_microjoules,192.168.2.128:8080,scaphandre,powercap_rapl_psys
19:00:24.341,32269307588.000000,scaph_host_energy_microjoules,192.168.2.128:8080,scaphandre,powercap_rapl_psys
19:00:25.456,32269307588.000000,scaph_host_energy_microjoules,192.168.2.128:8080,scaphandre,powercap_rapl_psys
19:00:26.549,32269307588.000000,scaph_host_energy_microjoules,192.168.2.128:8080,scaphandre,powercap_rapl_psys
19:00:27.639,32269307588.000000,scaph_host_energy_microjoules,192.168.2.128:8080,scaphandre,powercap_rapl_psys
19:00:28.798,32492144542.000000,scaph_host_energy_microjoules,192.168.2.128:8080,scaphandre,powercap_rapl_psys
19:00:29.883,32492144542.000000,scaph_host_energy_microjoules,192.168.2.128:8080,scaphandre,powercap_rapl_psys
19:00:30.997,32492144542.000000,scaph_host_energy_microjoules,192.168.2.128:8080,scaphandre,powercap_rapl_psys
19:00:32.112,32492144542.000000,scaph_host_energy_microjoules,192.168.2.128:8080,scaphandre,powercap_rapl_psys
19:00:33.261,32492144542.000000,scaph_host_energy_microjoules,192.168.2.128:8080,scaphandre,powercap_rapl_psys
19:00:34.351,32717471968.000000,scaph_host_energy_microjoules,192.168.2.128:8080,scaphandre,powercap_rapl_psys
19:00:35.439,32717471968.000000,scaph_host_energy_microjoules,192.168.2.128:8080,scaphandre,powercap_rapl_psys
19:00:36.524,32717471968.000000,scaph_host_energy_microjoules,192.168.2.128:8080,scaphandre,powercap_rapl_psys
19:00:37.656,32717471968.000000,scaph_host_energy_microjoules,192.168.2.128:8080,scaphandre,powercap_rapl_psys
19:00:38.742,32942820085.000000,scaph_host_energy_microjoules,192.168.2.128:8080,scaphandre,powercap_rapl_psys
19:00:39.835,32942820085.000000,scaph_host_energy_microjoules,192.168.2.128:8080,scaphandre,powercap_rapl_psys
19:00:40.916,32942820085.000000,scaph_host_energy_microjoules,192.168.2.128:8080,scaphandre,powercap_rapl_psys
19:00:42.060,32942820085.000000,scaph_host_energy_microjoules,192.168.2.128:8080,scaphandre,powercap_rapl_psys
19:00:43.153,32942820085.000000,scaph_host_energy_microjoules,192.168.2.128:8080,scaphandre,powercap_rapl_psys
19:00:44.241,33171698771.000000,scaph_host_energy_microjoules,192.168.2.128:8080,scaphandre,powercap_rapl_psys
19:00:45.329,33171698771.000000,scaph_host_energy_microjoules,192.168.2.128:8080,scaphandre,powercap_rapl_psys
19:00:46.487,33171698771.000000,scaph_host_energy_microjoules,192.168.2.128:8080,scaphandre,powercap_rapl_psys
19:00:47.567,33171698771.000000,scaph_host_energy_microjoules,192.168.2.128:8080,scaphandre,powercap_rapl_psys
19:00:48.672,33396956678.000000,scaph_host_energy_microjoules,192.168.2.128:8080,scaphandre,powercap_rapl_psys
19:00:49.759,33396956678.000000,scaph_host_energy_microjoules,192.168.2.128:8080,scaphandre,powercap_rapl_psys
19:00:50.902,33396956678.000000,scaph_host_energy_microjoules,192.168.2.128:8080,scaphandre,powercap_rapl_psys
19:00:51.994,33396956678.000000,scaph_host_energy_microjoules,192.168.2.128:8080,scaphandre,powercap_rapl_psys
19:00:53.085,33396956678.000000,scaph_host_energy_microjoules,192.168.2.128:8080,scaphandre,powercap_rapl_psys
19:00:54.215,33633802935.000000,scaph_host_energy_microjoules,192.168.2.128:8080,scaphandre,powercap_rapl_psys
19:00:55.349,33633802935.000000,scaph_host_energy_microjoules,192.168.2.128:8080,scaphandre,powercap_rapl_psys
19:00:56.440,33633802935.000000,scaph_host_energy_microjoules,192.168.2.128:8080,scaphandre,powercap_rapl_psys
19:00:57.533,33633802935.000000,scaph_host_energy_microjoules,192.168.2.128:8080,scaphandre,powercap_rapl_psys
19:00:58.639,33871882403.000000,scaph_host_energy_microjoules,192.168.2.128:8080,scaphandre,powercap_rapl_psys
19:00:59.784,33871882403.000000,scaph_host_energy_microjoules,192.168.2.128:8080,scaphandre,powercap_rapl_psys
19:01:00.873,33871882403.000000,scaph_host_energy_microjoules,192.168.2.128:8080,scaphandre,powercap_rapl_psys
19:01:01.973,33871882403.000000,scaph_host_energy_microjoules,192.168.2.128:8080,scaphandre,powercap_rapl_psys
19:01:03.072,33871882403.000000,scaph_host_energy_microjoules,192.168.2.128:8080,scaphandre,powercap_rapl_psys
19:01:04.266,34106677579.000000,scaph_host_energy_microjoules,192.168.2.128:8080,scaphandre,powercap_rapl_psys
19:01:05.366,34106677579.000000,scaph_host_energy_microjoules,192.168.2.128:8080,scaphandre,powercap_rapl_psys
19:01:06.445,34106677579.000000,scaph_host_energy_microjoules,192.168.2.128:8080,scaphandre,powercap_rapl_psys
19:01:07.530,34106677579.000000,scaph_host_energy_microjoules,192.168.2.128:8080,scaphandre,powercap_rapl_psys
19:01:08.670,34327276562.000000,scaph_host_energy_microjoules,192.168.2.128:8080,scaphandre,powercap_rapl_psys
19:01:09.758,34327276562.000000,scaph_host_energy_microjoules,192.168.2.128:8080,scaphandre,powercap_rapl_psys
19:01:10.848,34327276562.000000,scaph_host_energy_microjoules,192.168.2.128:8080,scaphandre,powercap_rapl_psys
19:01:11.932,34327276562.000000,scaph_host_energy_microjoules,192.168.2.128:8080,scaphandre,powercap_rapl_psys
19:01:13.086,34327276562.000000,scaph_host_energy_microjoules,192.168.2.128:8080,scaphandre,powercap_rapl_psys
19:01:14.171,34550174612.000000,scaph_host_energy_microjoules,192.168.2.128:8080,scaphandre,powercap_rapl_psys
19:01:15.265,34550174612.000000,scaph_host_energy_microjoules,192.168.2.128:8080,scaphandre,powercap_rapl_psys
19:01:16.360,34550174612.000000,scaph_host_energy_microjoules,192.168.2.128:8080,scaphandre,powercap_rapl_psys
19:01:17.505,34550174612.000000,scaph_host_energy_microjoules,192.168.2.128:8080,scaphandre,powercap_rapl_psys
19:01:18.598,34771183751.000000,scaph_host_energy_microjoules,192.168.2.128:8080,scaphandre,powercap_rapl_psys
19:01:19.681,34771183751.000000,scaph_host_energy_microjoules,192.168.2.128:8080,scaphandre,powercap_rapl_psys
19:01:20.776,34771183751.000000,scaph_host_energy_microjoules,192.168.2.128:8080,scaphandre,powercap_rapl_psys
19:01:21.910,34771183751.000000,scaph_host_energy_microjoules,192.168.2.128:8080,scaphandre,powercap_rapl_psys
19:01:23.003,34771183751.000000,scaph_host_energy_microjoules,192.168.2.128:8080,scaphandre,powercap_rapl_psys
19:01:24.096,34995752451.000000,scaph_host_energy_microjoules,192.168.2.128:8080,scaphandre,powercap_rapl_psys
19:01:25.210,34995752451.000000,scaph_host_energy_microjoules,192.168.2.128:8080,scaphandre,powercap_rapl_psys
19:01:26.332,34995752451.000000,scaph_host_energy_microjoules,192.168.2.128:8080,scaphandre,powercap_rapl_psys
19:01:27.420,34995752451.000000,scaph_host_energy_microjoules,192.168.2.128:8080,scaphandre,powercap_rapl_psys
19:01:28.501,35221330426.000000,scaph_host_energy_microjoules,192.168.2.128:8080,scaphandre,powercap_rapl_psys
19:01:29.593,35221330426.000000,scaph_host_energy_microjoules,192.168.2.128:8080,scaphandre,powercap_rapl_psys
19:01:30.730,35221330426.000000,scaph_host_energy_microjoules,192.168.2.128:8080,scaphandre,powercap_rapl_psys
19:01:31.813,35221330426.000000,scaph_host_energy_microjoules,192.168.2.128:8080,scaphandre,powercap_rapl_psys
19:01:32.916,35221330426.000000,scaph_host_energy_microjoules,192.168.2.128:8080,scaphandre,powercap_rapl_psys
19:01:34.027,35493263262.000000,scaph_host_energy_microjoules,192.168.2.128:8080,scaphandre,powercap_rapl_psys
19:01:35.168,35493263262.000000,scaph_host_energy_microjoules,192.168.2.128:8080,scaphandre,powercap_rapl_psys
19:01:36.255,35493263262.000000,scaph_host_energy_microjoules,192.168.2.128:8080,scaphandre,powercap_rapl_psys
19:01:37.351,35493263262.000000,scaph_host_energy_microjoules,192.168.2.128:8080,scaphandre,powercap_rapl_psys
19:01:38.445,35719305469.000000,scaph_host_energy_microjoules,192.168.2.128:8080,scaphandre,powercap_rapl_psys
19:01:39.580,35719305469.000000,scaph_host_energy_microjoules,192.168.2.128:8080,scaphandre,powercap_rapl_psys
19:01:40.662,35719305469.000000,scaph_host_energy_microjoules,192.168.2.128:8080,scaphandre,powercap_rapl_psys
19:01:41.745,35719305469.000000,scaph_host_energy_microjoules,192.168.2.128:8080,scaphandre,powercap_rapl_psys
19:01:42.827,35719305469.000000,scaph_host_energy_microjoules,192.168.2.128:8080,scaphandre,powercap_rapl_psys
19:01:43.970,35946531694.000000,scaph_host_energy_microjoules,192.168.2.128:8080,scaphandre,powercap_rapl_psys
19:01:45.077,35946531694.000000,scaph_host_energy_microjoules,192.168.2.128:8080,scaphandre,powercap_rapl_psys
19:01:46.175,35946531694.000000,scaph_host_energy_microjoules,192.168.2.128:8080,scaphandre,powercap_rapl_psys
19:01:47.259,35946531694.000000,scaph_host_energy_microjoules,192.168.2.128:8080,scaphandre,powercap_rapl_psys
19:01:48.407,35946531694.000000,scaph_host_energy_microjoules,192.168.2.128:8080,scaphandre,powercap_rapl_psys
19:01:49.501,36169663081.000000,scaph_host_energy_microjoules,192.168.2.128:8080,scaphandre,powercap_rapl_psys
19:01:50.585,36169663081.000000,scaph_host_energy_microjoules,192.168.2.128:8080,scaphandre,powercap_rapl_psys
19:01:51.666,36169663081.000000,scaph_host_energy_microjoules,192.168.2.128:8080,scaphandre,powercap_rapl_psys
19:01:52.787,36169663081.000000,scaph_host_energy_microjoules,192.168.2.128:8080,scaphandre,powercap_rapl_psys
19:01:53.870,36390189128.000000,scaph_host_energy_microjoules,192.168.2.128:8080,scaphandre,powercap_rapl_psys
19:01:54.955,36390189128.000000,scaph_host_energy_microjoules,192.168.2.128:8080,scaphandre,powercap_rapl_psys
19:01:56.066,36390189128.000000,scaph_host_energy_microjoules,192.168.2.128:8080,scaphandre,powercap_rapl_psys
19:01:57.197,36390189128.000000,scaph_host_energy_microjoules,192.168.2.128:8080,scaphandre,powercap_rapl_psys
19:01:58.277,36390189128.000000,scaph_host_energy_microjoules,192.168.2.128:8080,scaphandre,powercap_rapl_psys
19:01:59.372,36606988866.000000,scaph_host_energy_microjoules,192.168.2.128:8080,scaphandre,powercap_rapl_psys
19:02:00.466,36606988866.000000,scaph_host_energy_microjoules,192.168.2.128:8080,scaphandre,powercap_rapl_psys
19:02:01.591,36606988866.000000,scaph_host_energy_microjoules,192.168.2.128:8080,scaphandre,powercap_rapl_psys
19:02:02.670,36606988866.000000,scaph_host_energy_microjoules,192.168.2.128:8080,scaphandre,powercap_rapl_psys
19:02:03.750,36826891745.000000,scaph_host_energy_microjoules,192.168.2.128:8080,scaphandre,powercap_rapl_psys
19:02:04.828,36826891745.000000,scaph_host_energy_microjoules,192.168.2.128:8080,scaphandre,powercap_rapl_psys
19:02:05.946,36826891745.000000,scaph_host_energy_microjoules,192.168.2.128:8080,scaphandre,powercap_rapl_psys
19:02:07.045,36826891745.000000,scaph_host_energy_microjoules,192.168.2.128:8080,scaphandre,powercap_rapl_psys
19:02:08.138,36826891745.000000,scaph_host_energy_microjoules,192.168.2.128:8080,scaphandre,powercap_rapl_psys
19:02:09.220,37045465038.000000,scaph_host_energy_microjoules,192.168.2.128:8080,scaphandre,powercap_rapl_psys
19:02:10.349,37045465038.000000,scaph_host_energy_microjoules,192.168.2.128:8080,scaphandre,powercap_rapl_psys
19:02:11.432,37045465038.000000,scaph_host_energy_microjoules,192.168.2.128:8080,scaphandre,powercap_rapl_psys
19:02:12.516,37045465038.000000,scaph_host_energy_microjoules,192.168.2.128:8080,scaphandre,powercap_rapl_psys
19:02:13.590,37273325356.000000,scaph_host_energy_microjoules,192.168.2.128:8080,scaphandre,powercap_rapl_psys
19:02:14.728,37273325356.000000,scaph_host_energy_microjoules,192.168.2.128:8080,scaphandre,powercap_rapl_psys
19:02:15.811,37273325356.000000,scaph_host_energy_microjoules,192.168.2.128:8080,scaphandre,powercap_rapl_psys
19:02:16.890,37273325356.000000,scaph_host_energy_microjoules,192.168.2.128:8080,scaphandre,powercap_rapl_psys
19:02:17.965,37273325356.000000,scaph_host_energy_microjoules,192.168.2.128:8080,scaphandre,powercap_rapl_psys
19:02:19.111,37523898445.000000,scaph_host_energy_microjoules,192.168.2.128:8080,scaphandre,powercap_rapl_psys
19:02:20.200,37523898445.000000,scaph_host_energy_microjoules,192.168.2.128:8080,scaphandre,powercap_rapl_psys
19:02:21.286,37523898445.000000,scaph_host_energy_microjoules,192.168.2.128:8080,scaphandre,powercap_rapl_psys
19:02:22.375,37523898445.000000,scaph_host_energy_microjoules,192.168.2.128:8080,scaphandre,powercap_rapl_psys
19:02:23.502,37795918684.000000,scaph_host_energy_microjoules,192.168.2.128:8080,scaphandre,powercap_rapl_psys
19:02:24.588,37795918684.000000,scaph_host_energy_microjoules,192.168.2.128:8080,scaphandre,powercap_rapl_psys
19:02:25.652,37795918684.000000,scaph_host_energy_microjoules,192.168.2.128:8080,scaphandre,powercap_rapl_psys
19:02:26.728,37795918684.000000,scaph_host_energy_microjoules,192.168.2.128:8080,scaphandre,powercap_rapl_psys
19:02:27.834,37795918684.000000,scaph_host_energy_microjoules,192.168.2.128:8080,scaphandre,powercap_rapl_psys
19:02:28.912,38016748563.000000,scaph_host_energy_microjoules,192.168.2.128:8080,scaphandre,powercap_rapl_psys
19:02:29.988,38016748563.000000,scaph_host_energy_microjoules,192.168.2.128:8080,scaphandre,powercap_rapl_psys
19:02:31.081,38016748563.000000,scaph_host_energy_microjoules,192.168.2.128:8080,scaphandre,powercap_rapl_psys
19:02:32.222,38016748563.000000,scaph_host_energy_microjoules,192.168.2.128:8080,scaphandre,powercap_rapl_psys
19:02:33.314,38016748563.000000,scaph_host_energy_microjoules,192.168.2.128:8080,scaphandre,powercap_rapl_psys
19:02:34.385,38236094315.000000,scaph_host_energy_microjoules,192.168.2.128:8080,scaphandre,powercap_rapl_psys
19:02:35.454,38236094315.000000,scaph_host_energy_microjoules,192.168.2.128:8080,scaphandre,powercap_rapl_psys
19:02:36.570,38236094315.000000,scaph_host_energy_microjoules,192.168.2.128:8080,scaphandre,powercap_rapl_psys
19:02:37.638,38236094315.000000,scaph_host_energy_microjoules,192.168.2.128:8080,scaphandre,powercap_rapl_psys
19:02:38.711,38456438477.000000,scaph_host_energy_microjoules,192.168.2.128:8080,scaphandre,powercap_rapl_psys
19:02:39.774,38456438477.000000,scaph_host_energy_microjoules,192.168.2.128:8080,scaphandre,powercap_rapl_psys
19:02:40.895,38456438477.000000,scaph_host_energy_microjoules,192.168.2.128:8080,scaphandre,powercap_rapl_psys
19:02:41.969,38456438477.000000,scaph_host_energy_microjoules,192.168.2.128:8080,scaphandre,powercap_rapl_psys
19:02:43.051,38456438477.000000,scaph_host_energy_microjoules,192.168.2.128:8080,scaphandre,powercap_rapl_psys
19:02:44.124,38679152934.000000,scaph_host_energy_microjoules,192.168.2.128:8080,scaphandre,powercap_rapl_psys
19:02:45.239,38679152934.000000,scaph_host_energy_microjoules,192.168.2.128:8080,scaphandre,powercap_rapl_psys
19:02:46.310,38679152934.000000,scaph_host_energy_microjoules,192.168.2.128:8080,scaphandre,powercap_rapl_psys
19:02:47.379,38679152934.000000,scaph_host_energy_microjoules,192.168.2.128:8080,scaphandre,powercap_rapl_psys
19:02:48.445,38900973472.000000,scaph_host_energy_microjoules,192.168.2.128:8080,scaphandre,powercap_rapl_psys
19:02:49.569,38900973472.000000,scaph_host_energy_microjoules,192.168.2.128:8080,scaphandre,powercap_rapl_psys
19:02:50.638,38900973472.000000,scaph_host_energy_microjoules,192.168.2.128:8080,scaphandre,powercap_rapl_psys
19:02:51.711,38900973472.000000,scaph_host_energy_microjoules,192.168.2.128:8080,scaphandre,powercap_rapl_psys
19:02:52.778,38900973472.000000,scaph_host_energy_microjoules,192.168.2.128:8080,scaphandre,powercap_rapl_psys
19:02:53.881,39128220082.000000,scaph_host_energy_microjoules,192.168.2.128:8080,scaphandre,powercap_rapl_psys
19:02:54.959,39128220082.000000,scaph_host_energy_microjoules,192.168.2.128:8080,scaphandre,powercap_rapl_psys
19:02:56.055,39128220082.000000,scaph_host_energy_microjoules,192.168.2.128:8080,scaphandre,powercap_rapl_psys
19:02:57.123,39128220082.000000,scaph_host_energy_microjoules,192.168.2.128:8080,scaphandre,powercap_rapl_psys
19:02:58.246,39128220082.000000,scaph_host_energy_microjoules,192.168.2.128:8080,scaphandre,powercap_rapl_psys
19:02:59.327,39351474882.000000,scaph_host_energy_microjoules,192.168.2.128:8080,scaphandre,powercap_rapl_psys
19:03:00.393,39351474882.000000,scaph_host_energy_microjoules,192.168.2.128:8080,scaphandre,powercap_rapl_psys
19:03:01.462,39351474882.000000,scaph_host_energy_microjoules,192.168.2.128:8080,scaphandre,powercap_rapl_psys
19:03:02.559,39351474882.000000,scaph_host_energy_microjoules,192.168.2.128:8080,scaphandre,powercap_rapl_psys
19:03:03.625,39565734404.000000,scaph_host_energy_microjoules,192.168.2.128:8080,scaphandre,powercap_rapl_psys
19:03:04.693,39565734404.000000,scaph_host_energy_microjoules,192.168.2.128:8080,scaphandre,powercap_rapl_psys
19:03:05.755,39565734404.000000,scaph_host_energy_microjoules,192.168.2.128:8080,scaphandre,powercap_rapl_psys
19:03:06.864,39565734404.000000,scaph_host_energy_microjoules,192.168.2.128:8080,scaphandre,powercap_rapl_psys
19:03:07.927,39565734404.000000,scaph_host_energy_microjoules,192.168.2.128:8080,scaphandre,powercap_rapl_psys
19:03:08.997,39782920250.000000,scaph_host_energy_microjoules,192.168.2.128:8080,scaphandre,powercap_rapl_psys
19:03:10.080,39782920250.000000,scaph_host_energy_microjoules,192.168.2.128:8080,scaphandre,powercap_rapl_psys
19:03:11.215,39782920250.000000,scaph_host_energy_microjoules,192.168.2.128:8080,scaphandre,powercap_rapl_psys
19:03:12.272,39782920250.000000,scaph_host_energy_microjoules,192.168.2.128:8080,scaphandre,powercap_rapl_psys
19:03:13.342,39782920250.000000,scaph_host_energy_microjoules,192.168.2.128:8080,scaphandre,powercap_rapl_psys
19:03:14.410,39999887834.000000,scaph_host_energy_microjoules,192.168.2.128:8080,scaphandre,powercap_rapl_psys
19:03:15.527,39999887834.000000,scaph_host_energy_microjoules,192.168.2.128:8080,scaphandre,powercap_rapl_psys
19:03:16.598,39999887834.000000,scaph_host_energy_microjoules,192.168.2.128:8080,scaphandre,powercap_rapl_psys
19:03:17.662,39999887834.000000,scaph_host_energy_microjoules,192.168.2.128:8080,scaphandre,powercap_rapl_psys
19:03:18.724,40212220725.000000,scaph_host_energy_microjoules,192.168.2.128:8080,scaphandre,powercap_rapl_psys
19:03:19.841,40212220725.000000,scaph_host_energy_microjoules,192.168.2.128:8080,scaphandre,powercap_rapl_psys
19:03:20.906,40212220725.000000,scaph_host_energy_microjoules,192.168.2.128:8080,scaphandre,powercap_rapl_psys
19:03:21.969,40212220725.000000,scaph_host_energy_microjoules,192.168.2.128:8080,scaphandre,powercap_rapl_psys
19:03:23.038,40212220725.000000,scaph_host_energy_microjoules,192.168.2.128:8080,scaphandre,powercap_rapl_psys
19:03:24.161,40430818615.000000,scaph_host_energy_microjoules,192.168.2.128:8080,scaphandre,powercap_rapl_psys
19:03:25.225,40430818615.000000,scaph_host_energy_microjoules,192.168.2.128:8080,scaphandre,powercap_rapl_psys
19:03:26.288,40430818615.000000,scaph_host_energy_microjoules,192.168.2.128:8080,scaphandre,powercap_rapl_psys
19:03:27.364,40430818615.000000,scaph_host_energy_microjoules,192.168.2.128:8080,scaphandre,powercap_rapl_psys
19:03:28.452,40643479631.000000,scaph_host_energy_microjoules,192.168.2.128:8080,scaphandre,powercap_rapl_psys
19:03:29.515,40643479631.000000,scaph_host_energy_microjoules,192.168.2.128:8080,scaphandre,powercap_rapl_psys
19:03:30.575,40643479631.000000,scaph_host_energy_microjoules,192.168.2.128:8080,scaphandre,powercap_rapl_psys
19:03:31.640,40643479631.000000,scaph_host_energy_microjoules,192.168.2.128:8080,scaphandre,powercap_rapl_psys
19:03:32.730,40643479631.000000,scaph_host_energy_microjoules,192.168.2.128:8080,scaphandre,powercap_rapl_psys
19:03:33.796,40857365863.000000,scaph_host_energy_microjoules,192.168.2.128:8080,scaphandre,powercap_rapl_psys
19:03:34.853,40857365863.000000,scaph_host_energy_microjoules,192.168.2.128:8080,scaphandre,powercap_rapl_psys
19:03:35.911,40857365863.000000,scaph_host_energy_microjoules,192.168.2.128:8080,scaphandre,powercap_rapl_psys
19:03:37.010,40857365863.000000,scaph_host_energy_microjoules,192.168.2.128:8080,scaphandre,powercap_rapl_psys
19:03:38.077,40857365863.000000,scaph_host_energy_microjoules,192.168.2.128:8080,scaphandre,powercap_rapl_psys
19:03:39.150,41072460833.000000,scaph_host_energy_microjoules,192.168.2.128:8080,scaphandre,powercap_rapl_psys
19:03:40.208,41072460833.000000,scaph_host_energy_microjoules,192.168.2.128:8080,scaphandre,powercap_rapl_psys
19:03:41.301,41072460833.000000,scaph_host_energy_microjoules,192.168.2.128:8080,scaphandre,powercap_rapl_psys
19:03:42.357,41072460833.000000,scaph_host_energy_microjoules,192.168.2.128:8080,scaphandre,powercap_rapl_psys
19:03:43.422,41072460833.000000,scaph_host_energy_microjoules,192.168.2.128:8080,scaphandre,powercap_rapl_psys
19:03:44.486,41286157856.000000,scaph_host_energy_microjoules,192.168.2.128:8080,scaphandre,powercap_rapl_psys
19:03:45.582,41286157856.000000,scaph_host_energy_microjoules,192.168.2.128:8080,scaphandre,powercap_rapl_psys
19:03:46.641,41286157856.000000,scaph_host_energy_microjoules,192.168.2.128:8080,scaphandre,powercap_rapl_psys
19:03:47.698,41286157856.000000,scaph_host_energy_microjoules,192.168.2.128:8080,scaphandre,powercap_rapl_psys
19:03:48.754,41505325997.000000,scaph_host_energy_microjoules,192.168.2.128:8080,scaphandre,powercap_rapl_psys
19:03:49.809,41505325997.000000,scaph_host_energy_microjoules,192.168.2.128:8080,scaphandre,powercap_rapl_psys
19:03:50.911,41505325997.000000,scaph_host_energy_microjoules,192.168.2.128:8080,scaphandre,powercap_rapl_psys
19:03:51.974,41505325997.000000,scaph_host_energy_microjoules,192.168.2.128:8080,scaphandre,powercap_rapl_psys
19:03:53.052,41505325997.000000,scaph_host_energy_microjoules,192.168.2.128:8080,scaphandre,powercap_rapl_psys
19:03:54.148,41723131958.000000,scaph_host_energy_microjoules,192.168.2.128:8080,scaphandre,powercap_rapl_psys
19:03:55.236,41723131958.000000,scaph_host_energy_microjoules,192.168.2.128:8080,scaphandre,powercap_rapl_psys
19:03:56.290,41723131958.000000,scaph_host_energy_microjoules,192.168.2.128:8080,scaphandre,powercap_rapl_psys
19:03:57.346,41723131958.000000,scaph_host_energy_microjoules,192.168.2.128:8080,scaphandre,powercap_rapl_psys
19:03:58.406,41723131958.000000,scaph_host_energy_microjoules,192.168.2.128:8080,scaphandre,powercap_rapl_psys
19:03:59.527,41948390780.000000,scaph_host_energy_microjoules,192.168.2.128:8080,scaphandre,powercap_rapl_psys
19:04:00.582,41948390780.000000,scaph_host_energy_microjoules,192.168.2.128:8080,scaphandre,powercap_rapl_psys
19:04:01.636,41948390780.000000,scaph_host_energy_microjoules,192.168.2.128:8080,scaphandre,powercap_rapl_psys
19:04:02.693,41948390780.000000,scaph_host_energy_microjoules,192.168.2.128:8080,scaphandre,powercap_rapl_psys
19:04:03.778,42166376062.000000,scaph_host_energy_microjoules,192.168.2.128:8080,scaphandre,powercap_rapl_psys
19:04:04.843,42166376062.000000,scaph_host_energy_microjoules,192.168.2.128:8080,scaphandre,powercap_rapl_psys
19:04:05.902,42166376062.000000,scaph_host_energy_microjoules,192.168.2.128:8080,scaphandre,powercap_rapl_psys
19:04:06.960,42166376062.000000,scaph_host_energy_microjoules,192.168.2.128:8080,scaphandre,powercap_rapl_psys
19:04:08.075,42166376062.000000,scaph_host_energy_microjoules,192.168.2.128:8080,scaphandre,powercap_rapl_psys
19:04:09.142,42386105724.000000,scaph_host_energy_microjoules,192.168.2.128:8080,scaphandre,powercap_rapl_psys
19:04:10.209,42386105724.000000,scaph_host_energy_microjoules,192.168.2.128:8080,scaphandre,powercap_rapl_psys
19:04:11.263,42386105724.000000,scaph_host_energy_microjoules,192.168.2.128:8080,scaphandre,powercap_rapl_psys
19:04:12.352,42386105724.000000,scaph_host_energy_microjoules,192.168.2.128:8080,scaphandre,powercap_rapl_psys
19:04:13.409,42386105724.000000,scaph_host_energy_microjoules,192.168.2.128:8080,scaphandre,powercap_rapl_psys
19:04:14.472,42606894771.000000,scaph_host_energy_microjoules,192.168.2.128:8080,scaphandre,powercap_rapl_psys
19:04:15.537,42606894771.000000,scaph_host_energy_microjoules,192.168.2.128:8080,scaphandre,powercap_rapl_psys
19:04:16.642,42606894771.000000,scaph_host_energy_microjoules,192.168.2.128:8080,scaphandre,powercap_rapl_psys
19:04:17.694,42606894771.000000,scaph_host_energy_microjoules,192.168.2.128:8080,scaphandre,powercap_rapl_psys
19:04:18.749,42822376824.000000,scaph_host_energy_microjoules,192.168.2.128:8080,scaphandre,powercap_rapl_psys
