Name,PID,ContainerID,WorkDir
nxf-h9Go1JNBWrAxC6nAIXrgerZo,981597,c89cbe5a9e85ed7a20047d3ed8a19f9c48a4894b4361abee670ff6839b1111f0,/storage/nf-core/exec/work/5f/3c608d6613907b3322fa2d1d57d788
nxf-f80yd0E0RgEShnPeHFAqLPr9,981227,72f0ee1b81cba6947fcb44a5726ee9bc0ae28ec24e284cb2f8552ad823953055,/storage/nf-core/exec/work/42/831b2d330504082db9d13e03669598
nxf-9uPWYiIMbuESHO4FcO9v3q63,981233,fa435914e6d7dddaf56caf81d91f4f219f81471e0f7f4d3528dd833e357257c9,/storage/nf-core/exec/work/0d/db912d8a41da6d777af48a5487a697
nxf-zpV9eWh5tzlkei9WJEBq4TS7,981380,1b4923431ce90cea2ae284df5e3fd93a3e8f4d7781eb527eaf99937100fae462,/storage/nf-core/exec/work/33/319bbcf25738083e24e3fd2131c673
nxf-3pMVewalULvs9TcFUAGL5iNL,981596,7fd0c5d0ad3f769ed237d5fab088acd29ea2606c10bfd10fe30bb7874b7fcacd,/storage/nf-core/exec/work/ab/eadec260ed12c55f9ef370c2a5b62e
nxf-RWN0Fcp4ZdtxmxKFUPTiDWUy,981600,f7b9f9a3c35b5e9ddb68dc9225b1858d91b2d75e5da227d5d8a18a48b3d445c2,/storage/nf-core/exec/work/7f/a011a6038ca12bdb875d630850f8d1
nxf-q00Uy0RCosOnpuQVdRofo894,983559,21e326691510fb808a2b783d300b8019957cdb5c7c900978e474fd997665fec5,/storage/nf-core/exec/work/1d/ab68a9e3025d91f373cc12d538458f
nxf-hVPwKZmYwS8md66VY2Sdh1xY,983567,066e7e1976f1330ef98804d5232279323799dd611e604d546ea636b066d0ba38,/storage/nf-core/exec/work/93/a284667d3a3270eb8ca4e72d22f616
nxf-fAOrAFVuXpgwNqx50prgkxpD,0,847d91feadf5e18681ecc3176079ebbc6087d52ba013c5a093763298b5041c3c,/storage/nf-core/exec/work/ba/dea4b4d63a7486e1d7132d7cf645a0
nxf-A02YSxXKLt52j0vA1A5NJJc4,981598,e45dfb725f51278bddb72d3e8a754e5eaf984668e91d99822db1218e263ce08d,/storage/nf-core/exec/work/ca/bb06e9269f9ed1a373b6b77e27d34f
nxf-kuiyrvr4ktccx4C9KcHDBFyN,983550,f44f856c5b415b6e5268840e6bffc0a73f721787d59bfe632b326ae08b1dad7b,/storage/nf-core/exec/work/5e/18871a2afeba3d1766fe0be0514a5d
nxf-Eq2oJ074GZlK0ZV8ctBhoNqU,981606,9750528e214ec4021c078d27d4d8bc01fa48ddb772cab592a6361b0dfd704c2f,/storage/nf-core/exec/work/b2/6a215fccd9ad4af72b2126b686c4c2
nxf-37sGRBi0EY0zmLyDtJU0f0kt,985415,8888735631b9786d448662634caa11066bebd1bf6224383d6b8849444f597577,/storage/nf-core/exec/work/a6/8d2ac8cf32c9871ffdc5ddf075e8c1
nxf-LSu0vwinNhy6itHOviQbzpUH,985505,b7055fa715e16881dd2dbf279fb9ddc19b2cffa8885a7ec7e4ca0ed3bc8540ed,/storage/nf-core/exec/work/0d/6e74480bf997b6e80fd873190f9d18
nxf-rQZRA8gfowvrCbfDMvYs0LDT,985506,c947457a40a40e536142599a95e24cf2773b510e2889df6e95280aaa3845cebd,/storage/nf-core/exec/work/f6/41d3c23914499f9d7e4cd65f6c9315
nxf-hEMwct9dAfKX10fYfY6Z9PmN,981601,941a55c061a522fe3d5f4e3eca9828558527a83768876523568795a6600222af,/storage/nf-core/exec/work/6a/ca55e24382250479022404470fd6cb
nxf-rFZGKRcAsTl67Mmc0ZGFS9wp,985424,1866582b85b27b304e77acf7d5f9dcce4110309c97957e119ea42558a61391cd,/storage/nf-core/exec/work/b3/bffbda5ffa51ab90d8edde0c014dd0
nxf-SmqOLnj6YKsLCkkifb8UC82X,0,98b9d38461b57cc1ab1e43978be22bd61243691c6d0a467b94de2c2ec3bc5b65,/storage/nf-core/exec/work/d9/2e53c1f35fce7b946db204867dae1c
nxf-SRb8wMDJjzzhDEI2V0uL81Dv,0,1921436f6075a315feb7eea84675e2844c87be2ce8bf2a6d213e4b7ca1caea3b,/storage/nf-core/exec/work/ab/13099221af2d4658f14dfbc49e96f6
nxf-U545AHdctovBuiMulBGOlrrr,0,a670343d59a81f719d9a8e377cb59d8f1481ba1258a6054bc23c00bc3bb3a2c0,/storage/nf-core/exec/work/d2/51754c9df4f7c5854ee326a0576c01
nxf-Vufe2ZT0ScQBYerkYCxPs6aE,0,2b9c3212c2001253b5ca0973674aa5072a16f4136ddcd460cd1b4289a8ae0aac,/storage/nf-core/exec/work/c1/eb8732946330bf07527afa05949aed
nxf-RXJmxZDSidQl0AKDeSh9v7nA,0,3159741f07906965bbd791d15bebf6197610403f06bea4940006222e7f1a3598,/storage/nf-core/exec/work/70/ba2de82520ba5d461f96501d2796cb
nxf-8cosHdlIMAia1XCZwRlYBZdS,0,51455f5185a77be4b732b7a1941c24535412bdd98be8960a572022a1598cde67,/storage/nf-core/exec/work/c8/f7494bf9f1af889daf2b68cecd3851
nxf-8Ek0SjFPMMwlr7q836NWyE5R,0,741ab4921b7c7e0511c0805a9ce7219f726c630c428ad19fe2ad105acd69d9d5,/storage/nf-core/exec/work/83/0d4a5acdf79bb124656d46dbf8ec23
nxf-GaTJEJA0D2YBuX8e8W0fWEF4,0,f21cec5e832614e7bcc9d275a8677a63ca56188645a57c990b1009bdfc389f54,/storage/nf-core/exec/work/31/84429c6204a265bfd968444a52b0c5
nxf-9ou0i6oaTjJevcS0BsRgy9PA,0,5749107aff4918e0d0c383bf13dd25225ee0b1ca1c7330fca5460c1a7e34b15e,/storage/nf-core/exec/work/55/c39bbfd0ad70b3a9dc514eed45e40a
nxf-q60ilszaR9ewj0Vvgk1bT4MQ,0,22c381c2d655348644d7ad6b598bbad76155848c1e4833fc226180a59989d511,/storage/nf-core/exec/work/5e/9df8001bebd51ed5c76ad8f04baae5
nxf-N9qlOEFNHYNGx5UjgDZJAPGl,987109,585c8526b02ceeeeaae91d33b87d5542ec50a1662dbc2f0550c58c0ca0b25fde,/storage/nf-core/exec/work/81/65415646122d5c8653d79b8b3f99a3
nxf-lQchpnFAzIkrfFZ0eZQQygyi,987113,7db7dc1d96fab02be1db32c2e1328d0c165b05c8cb0af7f3ab7bbe8c7735603c,/storage/nf-core/exec/work/f5/15102e69f835f221aa6860271f4fdb
nxf-GnMDBjqRNO0gkFKeADfRRqE6,987099,877fce024336e8bbe75df4bcb7fadd8c1bce29dae21f3e36ccc7b590f209e93e,/storage/nf-core/exec/work/7c/4a3b9dbd6b20ec7c9ea58296d91644
nxf-e41CXsKPhvm8wMdGPDjq8nob,987784,c12ff265f8d451ca4a03795bbf34822cb99813cc5c680a2a997fa29c1500a1f8,/storage/nf-core/exec/work/97/2425931fe86f75cede2315b515f5e1
nxf-eWodPDCSkyWnmvcEBfJrolRz,988414,c6887c369a877c35aea9112ab06c52ee43ef22655c0c6fb90aab681022df3a79,/storage/nf-core/exec/work/3d/1db50b7313f040c067897bf58dded8
nxf-DwNIAPlW0b2h2bpBQquJDntx,988579,0b242114fb2e671186eec1d29298995e9d25e177e9006635e694b72edcc271e0,/storage/nf-core/exec/work/20/a6032a75bf680394247fccf8d18e21
nxf-fP5p5V3nD7kZ6jHOPDU790Ug,988463,a928b320329c2fed3ef1fc5ce81c15b334637c506f47c8aef643e1228b510f4d,/storage/nf-core/exec/work/3d/e5104a5785f97e10c295ddb29d4370
nxf-IPwhJdq5zWdPd8wQZ0kWTo2F,0,85ade11fb1d0915b90784222eb10a5960559f8296ee46e6db8a4e2a348f241fd,/storage/nf-core/exec/work/c4/6613caba7be5bc31402f9c31e7e40c
nxf-pgeAUgeAdyG1pAqeKDfoPLQq,0,70ffd2e3fd356605b7f4ed243e05ced809050f82bb54cfcdddfa328bc5cc83fb,/storage/nf-core/exec/work/2c/745b91a18d5ce071d2a1d1a50d87f0
nxf-VLCUvCGICV1RSmps7uWgeBEG,0,91b0b6e81fbdd30d881255d17ace6ea109ba184c6edbc465cf9a329574dce220,/storage/nf-core/exec/work/63/0b85b375612f82c3254a9d9e6bbb64
nxf-dPClPcIylRs7uFEUJQnA8HBg,0,0a91a117a60fd2710c4c0f12e4b9a450ac5d25a3dd0555002cbc5ed68882f537,/storage/nf-core/exec/work/3b/9315fdef7ea6513306de0614d1b248
nxf-sEbuVt1BSLZFOm7OqkX2UlBl,995027,737bc1ffdeb93cd4a828b72712a09c85f553e39e7f48b432609607ad6bb4daf8,/storage/nf-core/exec/work/37/909b07d1e30b992c593f7d01770296
nxf-GoFPdx4fiEGVMLT4hUx0R2NV,0,f8a76da3fedeb2e621c827240987d3961faf62d4e457b02a3f033ad469e7b331,/storage/nf-core/exec/work/f7/809e6cc6400dc9493d5f47b14b5065
nxf-doIiU0VtTnDqUrmBMBNFZq1b,0,bd8f10a4fd16ee375e99f617d00697c8dc9796df895ba5d421f37f0e268aee2d,/storage/nf-core/exec/work/37/795a67d329d3b5713a136740aed3b8
nxf-0lf2oYgEbHDPP9F6X6tnkUIA,994890,cfc39afc2dd4f801a8dc2576a335ece0a9db9ab3d91c6d365fd9af3dab310fb4,/storage/nf-core/exec/work/4f/b38a5b1acdfa0bd4fdba0f7bf4620f
nxf-yBHtjuAjcab6FPEYorHAUKcS,996718,2564869f89211ad104b4b4db6d9d920c0bde58004082271abbe461ab22389d85,/storage/nf-core/exec/work/80/bb1f6d7d4cebde3b8746c73fd356ce
nxf-pWv56sanYbcd9czRD7aTCV3e,0,5253427ee7b7f7b1a6c81489b80f024f4ad3fdc498ae93203f6f21c1611ed566,/storage/nf-core/exec/work/41/2d4651fa89957206cbdc4b69518938
nxf-MG4iayQrrOPbQzztDVPbm3F7,996552,f6b1a40c59c968fa3a79a9492b345650b1a3dfdd60791b43e48ca4f732d73fe8,/storage/nf-core/exec/work/9d/b0cca66675e88d41c19429777fb221
nxf-gVwROxXKN8EjmkgXd06a7hqf,0,ae254afdaf9bfd4b9a0f7dc21b073960da4f2a3ba44cb63b7af21c7eba68232e,/storage/nf-core/exec/work/24/372d87affcbf9bdef1791e527911e4
nxf-X8Ki4qhjmX4AR56LtSCYzEQq,0,f190b15075f9b0f1bf618bcdce7a0bdca6573031a49cac5dc4c727e8568d1c93,/storage/nf-core/exec/work/37/78ba0acf4a3a6c512a4460486e4bd1
nxf-v8R0tXsoDJyPdkIDOrW6oBzy,0,abb59ddc04b94af8ea1782a65533eeff3a8e163d291e410d0cbd1dedebee35f9,/storage/nf-core/exec/work/14/b2c0e4f2167367e094df88aa90ef1d
nxf-0i3IdDjJTBRCtMIbM90LhfMD,998809,11407c8ca3a77eaf06b20b241988b5037536ac5d1fffdc8bd695f6d45dbad460,/storage/nf-core/exec/work/c6/2747f0d602ecf394c3d3dbfeac8502
nxf-VMaeXZ74KDMmyi0JqAA7qBkD,0,9ebc1d91ee7b3c5becb25d030b5f110d172d7b11b13235d8e6ac74d8c7ba8987,/storage/nf-core/exec/work/9d/fa07287cb860b9248854b0b2affa5d
nxf-05aFDdwbdGPbKuc33CoTImct,998850,5a0d1f3bb57971d41ad5a6c6465c695d9498f8b7a0dee5d6c4e531288440f2ae,/storage/nf-core/exec/work/60/f1e49d24828fa159ce4a575a2fff79
nxf-2Wy0V40rY5L0zkiFu508AAxo,998990,18b6e0f33b3714b105ddf3e9e5dc239b5afea75683750dc83ee619b2aa63bc66,/storage/nf-core/exec/work/ce/f4321867052cd4e50453c4af3f29f8
nxf-3I0ZdlHqAANVCdrKg8sfcStB,0,2b75900ff26fdcf55c31e8ba9f91c592455fedb2bdafa0f776cfea75a61e875b,/storage/nf-core/exec/work/d5/257ede7f9fe2aae526ed3d2fc808f0
nxf-Y8lktddSgiH5sVx0cqAqMosR,0,966efaf2d48f804e600b1fdefce4a3df24188af953a5dfc7a2d12107562e0347,/storage/nf-core/exec/work/c8/23a177564bf6e3e89c3279f9e07aa5
nxf-yIfzJSPKg9ZP0OLIAJk7wnz2,0,f763dc6ac55ebc8fee90d3a8922a3cd9cce9d0b6ec47e8173faccfd26048506d,/storage/nf-core/exec/work/6e/bb1165fab3fb8d58584272857e244b
nxf-Qicj0LiPDMU8iuuEQJx1KHtx,0,131afada7f7a54417d5c7c84c4eca8a25416b96578b6b70efbe0b7604fd9c413,/storage/nf-core/exec/work/ac/094effb753029f2b21c01b801ba3e0
nxf-LRWPjN7apV0pcbGplG3i8xLt,1000029,b96c30654790b860f7463b8b8c01b5e9f27cd31ace5354844d787abbe0ae6ffc,/storage/nf-core/exec/work/03/10a2c584b28ac8fe042699074b0f67
nxf-KNR2xDgcEeILNIhciFvfs0K1,1000325,5e430c6658fb3769fb6c4489b86fde59977efcd3af99be8d5d2a193a45748c6a,/storage/nf-core/exec/work/73/e266d64f0e8997e431b2587592e6a6
nxf-P09DN1hjf0A5kaaoItknrb9O,1000337,e3bc67b820dba87d03dc15d576eb7c57fe0d1a4b3d7ad42746d9dd230f5756c3,/storage/nf-core/exec/work/9c/371602d95e61b31193da70853ae02c
nxf-o3rtrdF06mDmDQoauhw0N2vN,1000323,076586455b3547100e5647ab2aba018e989befbbab4dad1c7f748cff7c108e7b,/storage/nf-core/exec/work/f9/b607ee0057a7e6e532e8ac4b413729
nxf-cNgdtMxTVQahzGaYzxdZKNXO,0,e2256dafd0c47aa7ff5ab6621c988e2369b70c45c9cf1b7fe578526c5f98ce27,/storage/nf-core/exec/work/90/e25a0d428a572c4205e0ac599f50f2
nxf-igWtPnHQi6aZziOpu5gkyZBB,1000324,5b3590bb70f2bc76cef79a48f01b575077e76ecb82f97bd4d130cf8bfc3f796e,/storage/nf-core/exec/work/5c/61799d4f2f81cfae8001e19633ef6d
nxf-vr4NhWTs83bB2l3cb2ydIKm4,1000331,9a4274b456165674dcd28b1183fca1ed61cd0dee5dc319eebb28c7959b8e1fe3,/storage/nf-core/exec/work/a5/72bfbe7cc80e44a430d62ae99f5659
nxf-l8FRW0uXCW4p6VbSK4bBX3VG,1000327,78f40afd8c9bea23b7a981f98e39ca65f65cdcc8cd15c79d3b5eff3691cb6794,/storage/nf-core/exec/work/ea/cc08e181e0fb7020cb8b69c70b7c0e
nxf-gXs09dpP8Qq8wc89h0TSNBuA,0,e9709d9680cbce6b865fd4627dc6560e83e9efa0e5b10cf00f1269a034876849,/storage/nf-core/exec/work/c1/6bbb693d62024b2dec6c9209c03fef
nxf-BKuWfrJmSjlkD4FIhvcN8bIV,0,e8adc06ba4cc1e77c04f94f1e50ce2f8059f002c09f697eaac3cb6192c141bd7,/storage/nf-core/exec/work/73/15897a5704863091866faf9501807c
nxf-WPmtTNI5JpeKoR2XogEoFyRh,0,0bcbc131c5048a3dd0c1a09009c0e1b42cb2f4e8e617cee3530dcd387335ce95,/storage/nf-core/exec/work/d9/87286f59d1f8802ade91ea5f645343
nxf-790jz6YBtYJ0iVuBscVwcvzS,1002494,939ed273edc480b2cb57fea337916e91e98b14298c3fa43623b7092d02c674e2,/storage/nf-core/exec/work/a3/83747e5bb9aa5da237b6af3f7aa861
nxf-SmaafvnoaqXnHUiKRDYzMIkl,1002669,c4a1a71b371ba341901d4d62c8b340974f6251a348fa7c9459f674a0ff600228,/storage/nf-core/exec/work/b1/9431885c1c4d03a3c5962f9bfa1af9
nxf-iqUTQZJgIlkJmZQJ0x3FQHuf,1002667,2bdefee353781f41a9e339d59098f79e701c1257f3e54c7e663d20072fa21646,/storage/nf-core/exec/work/89/66ea6ece3a6774b83821ede092f40c
nxf-8OPV5PTuWEDcwWokhmOEq1A0,1002537,dee954ef7bc9403431ed41e0360d1ea82b62c3db6498843d8a4e6a881daf9c48,/storage/nf-core/exec/work/a2/aa17779c86ad5acf3e92bfb44baffe
nxf-FHcuXdpqsVp97kAlQ6NioBhG,1003890,51195f8788e869ebe1cb464898f9032503240d798811a992e70e34969d72cb11,/storage/nf-core/exec/work/91/4deacd544e54c23c76fbe1bca523dd
nxf-tA3P0Qz0m8lSNDPsaCz7uZaw,1005788,5dff1c4189a03a0aff83065d11c110f21b73833e672c042b0e6b4a4b07cbe110,/storage/nf-core/exec/work/22/36f713edf0cb5af76cc8be980ea9f3
nxf-VACjKD7h0fiac0XpPEcALvAU,1002672,25d5dce4fa85e10ce97d63b940f157c00cac34c331f303dde26cc2d60319ed6e,/storage/nf-core/exec/work/ed/73c872df19b155ec360d6ace69482e
nxf-BlI9wOwpFhGpaanS2jlmX3AB,1008031,bc58a02efb366f90e32d689a6937e7dbdb2291bd05f52f0cbe995658ed10215e,/storage/nf-core/exec/work/52/35012cd52786b8be00c3a9aaf010ca
nxf-xtNABA6MandozhF16uulpgAA,1007263,12df144c52efd6815e2d6fd091ef12584cd46128f68c09e8e07e941f6b483031,/storage/nf-core/exec/work/6f/8c5c39cd1c3f302937d3c85fe15c47
nxf-Ahu9ZrsvymAMLfhyAaorcstl,1008023,7925b241f2db2e2621fbeda7b327ad7ae940d9a274d8fab762845259c79ffbe5,/storage/nf-core/exec/work/7c/e01e2a9f5e173efe150a47c31bdadf
nxf-AXrZWe4G77aqX6twrZh2AA0t,1009344,541e5f01a1fea9327df6f1f66b8e7c765eb8c742b71a6ba01107f0bb9c87ad7c,/storage/nf-core/exec/work/f0/683ec10e42fe74732548b421d1d0ec
nxf-yM0GJmyAGFf1uZfnMmFlT414,0,197202dfd13b541adab6038b89f1011324a955ab92436ec998a810f84e01b5ef,/storage/nf-core/exec/work/c4/7756b9c7deee7374b466a79822c09c
nxf-O0OW5dpUii0oDHP7wtrxJwJk,0,a7f9557abfea5a5f29cf8ba39b8befcf4783203a484dca343c6cf3264cd0e0ed,/storage/nf-core/exec/work/fa/2f1c6423550f9a47fccb720f327882
nxf-LQ8z7ObtJhwbkU1dj1zjx7Sc,1009334,c0060ec1119a5bba58b6768ec08a7e4df6f387afa281ba63f8708378119f9676,/storage/nf-core/exec/work/cd/843726a991936c191c55806a890b19
nxf-K75uRAsRQHQIlSThyXWxJuG6,0,b18be2dcab045774e63d91c4d341956822b11f5b8b38b703732555fa777f2ff4,/storage/nf-core/exec/work/2c/a4cc03edb83f519329f2db31f2bc0f
nxf-AOiQthRi6qbRS7NqSHjDzGaZ,0,da624c0c410e46aa41db8efa25c661454511a9a2307f7bae55f213d99c30732f,/storage/nf-core/exec/work/7f/623b897f793a5c7f1cacd7bdcc4b16
nxf-W80CIZ36LE06U2sPySujCAyz,1011545,a7d8807cf9aa4fbfa9286c61e68f879c43bfa428a5700609adbeab01c75c0cdc,/storage/nf-core/exec/work/22/cf7402f076583122be1ed3465832be
nxf-t3C3fgmuwVsIMUuRveXEx5tZ,1012628,27e475a59c21b5a28b2891c59880949e35a8f03aa6a64b4c2b832acbb638650e,/storage/nf-core/exec/work/94/f66ac667c380b1c60973134e68d703
nxf-uKmRcCWMS6xSgIDpYPzTpTx3,0,be1ae47eed142e305ddd2f02b97b5479361ee71d40b08fbe701ba0d84d0cb29c,/storage/nf-core/exec/work/7f/9ad59c2119a3baf6845a70487bc09c
nxf-8M8XrUmy0rJl4owEMPA0HZ76,1009397,eb9e23762a1f8d3de3be2de612730ac000a2be5810b9908a0fde3d0117311e99,/storage/nf-core/exec/work/f5/31617035f61ff4135ab923b374867d
nxf-H0V4PsUA6OgiU5H7lk5v44jP,1009349,c89c17c1fc79a0f343692e3c7e60cd8ecb816df095064d0802c9a95806a87b01,/storage/nf-core/exec/work/50/f5babb0d9f03656d804c9126c3ac66
nxf-GURyWyYLN0MLonOHYftkIqI7,1014797,b2c9e0cb0f9fde4971748f4e9b079f74cfa22d37be0fe006f73661e7bf2accd7,/storage/nf-core/exec/work/81/d98f52607f0d5b6e4f25309f30eee8
nxf-EMvJTghnb1rOgpaZoZ6m2Zg1,0,96912139183d5da4868fd2e9e85409da2250a93212fb05296e1f8ac0087fbbe0,/storage/nf-core/exec/work/f0/155a6c56c5df0da9b0401e1d7d78bf
nxf-OnJjnS6gRieD5wBwhUF5Ea6y,0,f302265206bac4a2db822bdd9e48ad8625a862f86480109a09504aa53d6535a4,/storage/nf-core/exec/work/98/1a552d051bc7c15551d7068957b6cc
nxf-lO07pGAYl0alCAwz2I9CZlOA,1015004,dc74dc54eada316a87da20d04750c9920e93cb218877d1bf691d85ba2ec36853,/storage/nf-core/exec/work/d1/1e9db51bf09712bb1e2ee8acb763d6
nxf-AAvqPJ4tkwzkasF5p1iw7JbS,1015003,612383b9f950269df7e5d6566afb9cdef5022cf94f366d3b6feb0594d006b835,/storage/nf-core/exec/work/05/61e3c52352bd01d821d2178a68548f
nxf-atq83HT3UqfS8V7cAlIlUYCU,0,ba49abf33ca9350f8b06c22184912b4f8db0906f9c02f72ae481071df1ee49a8,/storage/nf-core/exec/work/ad/a74b04ac31e4e6ef39ef121df8f6ee
nxf-12Bs4932jEvl8bMrdQsVjJA4,1012615,71ea299d899f443ed26fbc6085fd74645746466f88cd7a0f264380082001ad4f,/storage/nf-core/exec/work/3d/898c90fc92daf153e2d4cb8c085c8c
nxf-C0xeUoXVjuRC58QZpC4J0P0g,1014839,039333a3a3239c317e85936cccf35ed33c6eb0c919ee40d5a9f5c8a08daec4a3,/storage/nf-core/exec/work/50/cf587e784a36419545733ea455c285
nxf-GqdHQcbHeeYmxL8UFBY0bw2B,1017431,d5cca47596d8ef7030b6f3b2aeb45a4aa7f2fb30397ebb7f3fdc28d9b467587d,/storage/nf-core/exec/work/b7/e2eafbf5beaf30e563660a74eca43d
nxf-63otKXyA5A8KsXymiBzJPRJ4,1017635,4fb08768a94c22aa45475c32b889cf9d24cdddd9a540eebd9d740b6a4d7e9e04,/storage/nf-core/exec/work/91/2006a094a9af298fae808fd9cfdcef
nxf-ECs2y7A4ZODghobUeEI8dWQG,1017632,a0828f00e4b4b068e505d0653504c470db241e652d249e62681feed5551030f1,/storage/nf-core/exec/work/3b/38d08b2fd53c44baa68faa195883e4
nxf-Uy1S5U3cGEUYAV5d0Zat3oXi,0,e0f718251bfcff66e5bacc13c5fadf2f12b05d0997a12a6fcf151808ccfe0523,/storage/nf-core/exec/work/33/bac630c42fc521b161efa321f5d484
nxf-NdnZY4RUinwsAeN7QDHUoZ7C,1017689,709a389e1504eff70fc1a6285a359bdb619ba1681acde87bdd6682c69c87394a,/storage/nf-core/exec/work/c5/cdebf5d1c790f05873f46a24bf8ca5
nxf-SS3dYESkRB0AuN2r6DgQSH50,0,728033554adc636e9ce4dc6eec582f2a5f97f14874e4a3434d76c38968773262,/storage/nf-core/exec/work/d8/48f554bcd6135660a270434ab7c870
nxf-iBDEmL5NNIL91cu8zxsuMfRm,0,6a4e1312632647deacea25cc5aa3414cb534ce71296505b8694557f0e907e741,/storage/nf-core/exec/work/1d/4aee9cd6a387d5c9b4a783c99bffe3
nxf-RtiN0DN8qBHoFottDLngCWCG,0,307b392d52f21821a84ee4f2c5b00367bc85b0c5f0a4e98b8a96e9277eb19006,/storage/nf-core/exec/work/43/bba1c973d12c396dd6f74b93d80bde
nxf-QqB12KTbVL7D2f7I47bodGbd,0,1e3b508ed2b80a8f8579eddf3b4a1cbdaab2e6e3c2d6fb973b6e998755edfde7,/storage/nf-core/exec/work/6c/ceac68547133e821d261be03a3c982
nxf-W7Tcj3kaFAkEaOwk20rtierX,1018897,dd9994036cb240dacf6ab7e6bfeead500096207c57a0dc3a2b796d6b43d9a95b,/storage/nf-core/exec/work/dc/ce2c07533ea8eab6bb05edc4013d1e
nxf-JFsATDrfX5t14zoy5R2INKVo,0,e4f94acf820812f8dc84b9e57d97aaa2b9e55b1d84c3903902d9993f0e363c7b,/storage/nf-core/exec/work/c8/c34a8416446b52bb2c4676dce1288b
nxf-7FuIChZKZYi8lChFDy0rnSBP,0,0a834edb41c1832135bbb6ef5c338003abe22e9acc362603e11acd55484fd2f8,/storage/nf-core/exec/work/b4/bc554173574c70627c614ace02d7a9
nxf-eTFK825PGU7ulr3LvZuWDO3V,0,c921548b35de26176698b1d143bb71f85b632bdbcf2d39f930e5b091657ac65e,/storage/nf-core/exec/work/93/51c5726d2ddc1975e1af388170ef97
nxf-W9dLasyWxw138tcDrpZYCQfj,1017633,a8a733881a486ad5fd0d1a6c000d7bbf4ad48420cd0e33dbaadec18b1acdd03f,/storage/nf-core/exec/work/13/e133c3d149dcaf66792b05b0461595
nxf-xa0k23fwVw8YdiRzX0r253Vp,0,d72200d02115561f0eb5b2994cf6640d91b47d5c8db9993a81448c8281f4a35a,/storage/nf-core/exec/work/83/be268d34e3fc65844939cb6e0e3c23
nxf-Mx89JBYveatphaAXAePwWcjQ,1019152,3b127592f378b6980c1301925ac10511ece358943ba899e4ba649520903685ff,/storage/nf-core/exec/work/01/bfe2c7895530f6e143fda85f890d24
nxf-pDCcBKYQAd05lAEtDAUxyEYr,1019146,023356f884005593227c63510f51d84a257c3cc1c9b6a6e3d3773e12184fad94,/storage/nf-core/exec/work/80/3588ddda9744ea738c0404fd9f250c
nxf-HheZj1QfRDtdmENQahoCBeM3,0,f530fbb8da1f11777fe666665e7d11f59edbcc0b12b5b13b64f27013f12aa251,/storage/nf-core/exec/work/fd/d168b49be95e8fb9dd533609f23885
nxf-YKjpMZjmJ02WuRH76NgjVr99,0,e3f11de00a5f8dd5f83463398e2536a310ac03ba8dd8d3ffa4e5c88dc78e70ec,/storage/nf-core/exec/work/36/af5796911097dd25028bd7f7e69484
nxf-0vDysA9DeFhbsLxii39V9rts,996719,e24f6c47f93f2faba7f4997871ea60d1ceebf177ef8c98c9ed22ecf250bad12a,/storage/nf-core/exec/work/ee/519cdfed51be1214fd4bddd8b2cb18
nxf-eUJjUKRhFpbVin6jjVfo5UJW,0,0c2f3e7279bbb48b1abb5f4c42f81f490414506ad0ad10930e7c81cd988afbd2,/storage/nf-core/exec/work/f1/531d1ce95309ff3733a3cbe14cf56c
nxf-7PnokHmMCXvk6dGv2FCmtcAS,1019014,c0721e0aa9bc160db49e3e77b879d1f891f459bf3652f987cda8ca5e075a3992,/storage/nf-core/exec/work/9c/c0b6f2edbc8ec6ccf317366baa1b89
nxf-zhvLVFYen4YAJ60mAe0XxL50,0,53e092d0387472c8d46427751c25b8479ebb482127aaab0daa7b4488c047f39d,/storage/nf-core/exec/work/c4/cb7f1126061de6398971471bf1d991
nxf-fKchTZgTcybklst3VQvFRB3V,0,61fd49bb418a8a437d8224c230bbd3577f10e5c87c79ae184505f6d5be35a3c1,/storage/nf-core/exec/work/ec/cf093f2a5d062231c95867105304ef
nxf-aAwxFlmFk8aqwAIrkw9qC46u,1020673,8b6a207709e7d6cdfae8e886c8d3c3efb581f0f207bb88030665c94fb27439dd,/storage/nf-core/exec/work/d3/c9367615aec78a244554778822fe86
nxf-wa0X1naghkBXB0GPYbE2qBXn,0,b09779e23865f3bb5fb74a12a47e131f13703d1d1e737238601dc4d4019d660f,/storage/nf-core/exec/work/b8/ba853e23f4414848acc5b788df4d50
nxf-psrKw0vgxQmx0rOOoz6JwAM3,1020734,d1954746e376d5e27f8bd99f4b586463058aaef4495f6b45712160b7c37c60bc,/storage/nf-core/exec/work/71/33e1dcfea3e55bed1fc333b0f37c4a
nxf-ArhqVHmRDJWTBlEe2VsCick6,0,57c70df0f2bb2caface3105a8742ba4f1546b4f71318aacaec988334e98857f9,/storage/nf-core/exec/work/a0/83bbe6121dec483ff9415227077205
nxf-k0HCE0kIZlwdauK5Zi9htEQX,1003972,ffb56d2a8076f37eaad0f07b9ed88f617ec089143594517901c3763943be2184,/storage/nf-core/exec/work/f4/c25e2b9bda197f5b4cd73b8e426aa8
nxf-Am83uI9wxyAEZPmzsl06jAIu,1022218,1902c0c1b135708487f70b8c48362290973c77207e2895aa14b6dbf40ce2cd64,/storage/nf-core/exec/work/5e/eb3b2bb01eb1468be3264302e97a68
nxf-Wik4uGp23AMeb585UTxuxuL0,1022068,20f7defcd1df1c37467c2edf9c75e172350fb9a96544b0477a9de30e207fc499,/storage/nf-core/exec/work/01/2ae61fc4122a84b0081625e0c440a1
nxf-eDIn0CPqaTTF2ZKvf4PNmIqD,1022219,014ae64db03f1eab2460116817ba5dbc017fdb11ae4d1c4e47828b37d094eb2b,/storage/nf-core/exec/work/ac/e0a90e76e9cca5613103b694d5a682
nxf-1JkQVpZoYE6GuJFDdC8IRpYK,1022224,582d6c5968f7d1df76e4ef4f0e4df50c261ddc571f3b47182173f3b6e0c20a4c,/storage/nf-core/exec/work/98/b4e2ec99181af39d47ca019ce15be9
nxf-UssL3FbcMq48PAiP2AG0l4DN,1022221,29346311eed5db9018107924f2d745b7aaa8bddbe50756735f9c9011ade5561f,/storage/nf-core/exec/work/69/1b1016c9b21e2c766bd5ae041a2c72
nxf-8MUMYA3r6j848vWHiPbIyV4p,1023471,57e531caea2781a79571f6f63ce7df2723a110d63bedb106b7dfa9ee3ab87e94,/storage/nf-core/exec/work/37/e4562ed0cf40a193f863bbe41976db
nxf-wnUdZzDQANmr3yVhT8xRgBMm,1023609,b236695f89eebf113f7fc7f4febd842a43f7628250e4440676b9a03a8b348c74,/storage/nf-core/exec/work/79/f4e2a654caf65a5645fc26355e65c2
nxf-RdV09EcdR0n4XAEJlHdF2RTV,1023610,b52cab2b8c44626c9c07863941d93e12be0c525cc64b48b5eb017fe979300fa0,/storage/nf-core/exec/work/23/e0203cc607306e4c3ccd95c809b6f5
nxf-l4h1xQaAIAAaGb5aDYACPdJn,1024902,677bf5709f761936a7d03bd22b26cddbb529bac40b5d52c577d62793a90500a4,/storage/nf-core/exec/work/9d/85554489df2007ab1ad476c63febaf
nxf-9AuSOrc39RZCBj0hruEk7dqY,1023607,e16bab11093da79ac1216044847c67a66d5d0c5f8ca0e1fecb42366ce2997cba,/storage/nf-core/exec/work/72/37bf81920d51cbfd4012fc4c1557b7
nxf-Pc0QxKnfdy4EKD0cJN70svWK,1027397,fef58d2c52232a672eae897c7ca5e8ab0425d8655e4dcf1ed5bf6c4eb9121b5b,/storage/nf-core/exec/work/2f/5725984b6753d257bcab8940590627
nxf-rcztGN0xzGnSAxAYP1o028Fj,1027415,6e8e88dc53871712df60a8a30ca8d1b3a8327a9cc50432065daa5df80222b662,/storage/nf-core/exec/work/5b/0f110d3621af23c0b2a28ef406fc91
nxf-eWYT0bgYzLAtNBbtCCdWi7TD,1027430,5fe5764f24b29120ca9385d68ee6ec2b1ef46e8799172f8d53a2f0036dfbb849,/storage/nf-core/exec/work/b2/c6773af2ff0a9b89dc7c0fd2474d90
nxf-HGdrlkKGeZ4ZRi3GlwVD3dbL,1027394,c7ccb67620c0d4b991d63a230ad04e76eb1d2aab9a0429832f4097d586cd890f,/storage/nf-core/exec/work/b2/36dec16db8c38b27e218880dbaafa0
nxf-pLtfdSpkQB9f8KsHMjFLx16K,1027388,2e9a6a366f2469b2eafe9d7d9684e245eb992a2a5db904e0f8ac4bd8f69ae181,/storage/nf-core/exec/work/16/1f41b6940cae2fac1a600e963219e7
nxf-o2yTXj0muQB8TCmLinn5mNgB,1027905,83def18be4ccbcf57eae912e46b21fa99a0f9bbcb60aa54d15a899e09d77dcfc,/storage/nf-core/exec/work/52/125212c4d1bafe2c66d3e2101b8b90
nxf-2OwfeBEX0bHbFZuZz23uMeTV,1027423,2a897aa66e5a307c3ae33d14c87ff6da32570c9a9817b389a2e51c2743ca8d8c,/storage/nf-core/exec/work/95/2ccac3fa5f6251e064c210eff7aa29
nxf-N77SARutfSAJ956uVy3VEm76,1023608,0997c321655bcf13f619f049aa7d542a19b16d26883f1e5d20ee175f40107b92,/storage/nf-core/exec/work/4f/026a7aeb848619636c637e8904403e
nxf-U7UveQFoRA7LsUCNxIVrAfh1,1027906,8e3c3f42802b6d12d21be3c6f56d62d81db28085c4a8a0d3a92c15f23835874f,/storage/nf-core/exec/work/88/ba5b663cfe887453ba610e0128c948
nxf-GSbqW71tym2U3lgoDpFxOwQp,1024859,96c39f6959ff46e115332cf9426581aec4ea7f1ddbe9791ff4096489a05e9d50,/storage/nf-core/exec/work/ca/86c8bf40e20098d34c110f42a304ce
nxf-maBwYQhfUK0Cid2j4HNCW48e,1027907,b3735cf1e7b683858c2b0793cd41c790a1eb6621e81ae85411c54b5f86c0fe9a,/storage/nf-core/exec/work/9d/2cc5f6bc7d59299d6aaa01148fac85
nxf-MznsWIucFAsGAuY4z4sg38DA,1027873,0a26f34581c393dabd7f32c514d46307ab91f41a748a37df316c3fb8b535a8e2,/storage/nf-core/exec/work/e1/8e1363290ff1a4325df7b1309ad9a6
nxf-iRfFkAkl0hMxtHbG0oaGrlTh,1027872,a74c3ef3cbbed76f721049862bfa27637b90e9d8f79b9dc219d0c8609e888731,/storage/nf-core/exec/work/77/2bfa1baf6765d00dd1e851a9cb2038
nxf-ePpoo6AN9o0R59Fy9THSaEoM,1027876,735ef0f71de67a7e7f3838b3f08bad14614a094aa7af68973710d7ea0f195cd2,/storage/nf-core/exec/work/92/de6074b9b4a460f0a69f53e5e424ca
nxf-6r0pgpxBI8ik2Nd0AvW4c0wl,1027909,8434a9b91ae88cbffc32947a88111c93792d204995ebf8f68915d017d726f8fe,/storage/nf-core/exec/work/7a/6c993f3e59c391c7594c5a53977738
nxf-aWPhfJ95wpS9odp1lYx9qD57,1027875,5b272af7a3b1ef85cc75bec6dc638541333828b0562c13fbef5a18a1e13f29c2,/storage/nf-core/exec/work/8d/7acbee59ba7f9bcfc12c2d62700815
nxf-PXAlD31Rc3PobORAu4sLBDFr,1027908,fa89efa8b2f853a6e20fa4f3cd49f3a7c2f3ade000a09f6e1eaf11927827ec4a,/storage/nf-core/exec/work/34/b653688dfc9940ff625479cc514a6e
nxf-g0oYjVHWB63lSX0huKWv0C2o,1027874,244d73f26adfde0a1ad470bb5e15d1e9aaeea32534a7232b44b0e43a93949b1f,/storage/nf-core/exec/work/98/b816b8f35f787779df42f6e6fec2bb
nxf-aNsF9RkPAZmVvYn4csMdX1fw,1031519,7a444c57a5338f753638133bc06e8ab135347ee558eea02ce345a5f9f1869ef8,/storage/nf-core/exec/work/4c/ba312e64337dcb5e81e3d26c61f959
nxf-emHwiHoYdL63mIi0AMw6xYZu,1031529,5f32ab759cc35fa908114ae6e30fff28b2289124a7ac1f0e0b94cdcb615be0c1,/storage/nf-core/exec/work/9c/760b5ddcdb5b99313983b1d63d076b
nxf-4CLo6NadfishD2PkuHGGN0Xs,1031688,1b2655a28cd984f691a9198ffdb932a3813a40583f17e1da1d5025ad98abe58b,/storage/nf-core/exec/work/ae/8f7c8e82968eac028e7c276006d522
nxf-hFi9Zu8dYolPJ6nFvy7kprEE,1031692,37ed49f7c6aa87abb66fc5454d1bf05e9d98d994ae31185d2fafbaee348f2ea7,/storage/nf-core/exec/work/c5/c25c518ea35ebf89b197a9f9822715
nxf-FNcrUtnTHw2Ms3BPv6lB9ue8,1031690,1bcb2f9380d74f2a77bffa456ee745fa6a7eca9f3c2226e6dc614329bc6a083a,/storage/nf-core/exec/work/d5/9b9f7ad376e3fcf1c8542dcc4be378
nxf-65b2II5VadhLpQ18AZNOs5FB,1031542,33b584e61201c763003183d81c1dd5b428be253677c1d149afaf771ca62c063d,/storage/nf-core/exec/work/29/51c0fa52fe14835838fd5f6ea9bf55
nxf-AJKfVyvqHrblJlqRIYcA8fKC,1033954,577531d2558923c52cc95b313d568dcb99159ce1a5a155d493a42b28b72f3fab,/storage/nf-core/exec/work/a8/a5d391250c5fda6a0e773ad88ca54e
nxf-rVACk8jMHSh5Fpcqn4PYK9a0,1033820,75e7f49c7e7fb0fd0681d7d0dad5aaf33d5cbda69e2a8feae6f52e52930a1775,/storage/nf-core/exec/work/32/bf67472799587f82865a813adbe044
nxf-VRAT0en7ojMdiOViAE96Tmb4,1033772,a640e7865555e9d5fdfea18e1da3083b6858bbfd9b05852c2880e5da9295d5a2,/storage/nf-core/exec/work/34/15ba1e3c64875024999ac86efd08ba
nxf-57WxqvxdbLtU4OSGvAd2wEQh,1033955,a94676ab09d8c3e902780ef065ae73fc646d148ec5a08c985f74d7b1a8f43287,/storage/nf-core/exec/work/38/fa0fa0389837323fcd83c463d8d12f
nxf-AkqEFoHZjorbcy70arBAnV19,1033953,ad1704be4a6e6d8ee4867817eb47a7284509200d42ad0aebf67060986ac944b6,/storage/nf-core/exec/work/54/d508a613fda82f64ea19686e2c0a8e
nxf-IlxXKJxBjMF5vbdJ5A0odpb6,1031528,57f0a38b61125896d948395bc3a7da6e335123f52b82e780e0941175a672d866,/storage/nf-core/exec/work/ec/b88ac48c278a0a4fb8e9a3fa5ec782
nxf-0XYQhoJ5SDeWMGu1gYEFCbLP,1031691,08f80933eeffeafa9fd0cb61e0048722146eff45a4fadb20fa937a8b04992319,/storage/nf-core/exec/work/5f/21b4a9e7ad6f35a83b21711aec0b5a
nxf-NAnUoHxjz0RSxpLyS5DQvpq2,1035764,bc3097996b193227a5248cf7118de4d5dfa0264a47ae10865fb101abd25b441c,/storage/nf-core/exec/work/51/2d129371a3eece4faef07027aeb7fa
nxf-XpAHE7hmA4oH0hkgGXn088HX,1035737,73f3155b23d5ebc3e295d809e66a8c41861fc10e64fd1bb50a57fd15b84bed84,/storage/nf-core/exec/work/18/401d3c41810eb6d35afeb940e899a1
nxf-bAKFkjxdHZi7fbdWelbyLh6w,1035745,768b678f75e43441e6e42ec35461702b496ca68b31209bdb2d1f0e7a849ddc33,/storage/nf-core/exec/work/a1/fc21185711e8f5ceab4d60e938211b
nxf-8IEa5HOGK7oNXpg2zlBIY1qT,0,1fdccf4871ebcc2977e755d579fe1aa2d8b7fe9e2f10971126ab23142f64ac68,/storage/nf-core/exec/work/ec/6a5ba1f2030b5c4c0bbe566143544c
nxf-T5g0IjekkZ8VqHEt1fK5oqCF,0,2d8de5f5b3b8ea4bda691c7d7e78fd717f7cfebdb2c7de9bd0953182351f031b,/storage/nf-core/exec/work/3a/3904b878a0dcf2945204a30d323776
nxf-qShT4gV6fNJUpoy01vLvwh3f,1035730,5a37f5af7ccd1e8c50c2f140aef4effc7e025b4adcd4f41a256e5a0788aaad24,/storage/nf-core/exec/work/f1/4a7694455200e33a2baaa11719eb33
nxf-fGD3H9W8dG4ec6cgVUNwQnjl,0,a007fc5902358612fa593eefbc132af2c23c3c0814a572750727427b0e8f9b35,/storage/nf-core/exec/work/b2/02caa609950076d7e9ed151a2c92f1
nxf-AAWMihSmme6HcEjouoamlv09,1035726,4ac0c385f98a0bcd155879667c571fc76e6c3ec11e0e4ae06574ade9bfd4671b,/storage/nf-core/exec/work/62/152f43d43044bbfb67321d52bcf4c0
nxf-tvBteoIEj80PIqZrAHP5kTqM,0,e931cd836c769716ac20ddc05a59b448b0f5401cedab02ca726cfb8617cd426e,/storage/nf-core/exec/work/70/cc3572980f4a797cc672bc4637a5cf
nxf-lUlsm0Z0K2MT5OctC8IDVq31,1035755,80261ea3985fd5a066e44fc2d81bd22c495f5bc88fc751633a0837c9c40a3fae,/storage/nf-core/exec/work/1a/c05b35bf8d37bf0f0b702a586a57b3
nxf-giha0apHHRuSDPB2U9xNoYdt,1038393,49109a1404475a1e7066ffc388a98c389d025897bd3002b88f35ae0d6d5ac2eb,/storage/nf-core/exec/work/25/f5e4b68f6dc9f858cf9b4c5c0f9054
nxf-23sWolhDAEELgV2cnhIPP3st,0,17ca7555218dab582693c2c86ae8e9f2a5e4a223dc22058ac82ba0f979b31ec3,/storage/nf-core/exec/work/30/8dcbd34d5febf6a5e36a0736511c7c
nxf-jwCpraiQV5Rp08ZEGWyLmrnr,0,aabd0a88bc138a17a576c6a407a760bd11f58b0e5c77af8fffab4e7b2fcf3164,/storage/nf-core/exec/work/13/71e0d133e012969c1b405a21ca3e85
nxf-wJKXSQCM0sYhjxbqCK30yt4z,0,8c52f3e67decbf8f0d90bd35387722ebc22bc4a0fb35f51acf0a9bb8796223ad,/storage/nf-core/exec/work/98/3731a1757c05aab40c1da80a2f8a15
nxf-pCRSdK9lmHORsJLjX7ve5nh8,0,dc9fcfb274ea05748f450db6fc7dbc0ab242893f452c4dfd622f15132fa3610b,/storage/nf-core/exec/work/aa/45fceb9d1da4975a7e55abc80c2725
nxf-0sS07V0sLWmZyPNGelmATu3U,1038422,6fadab64c354945b8715bb536e819d92994ba9b6f3e317d5db64be085e3af007,/storage/nf-core/exec/work/d7/cf85cf6d392ad8924d8ee2b0f9a5d1
nxf-5deAVjWJzo0V3i2cKkMaiGyk,0,6005e34cf1c19a0261f38cb7d307ac1d9ca4d8e283dfc6dab7974711e642b2f3,/storage/nf-core/exec/work/29/f0277d1d61b15ae68635fc96e9351c
nxf-Fc4UZSjPK140x0GR3eEiLpxj,1038361,a103a3ef6b7a20ffbbbb8c7ce52e5a7bada35f5b2ad5d3724584c64f32e54f98,/storage/nf-core/exec/work/b2/a40fa5467e36cde048d43b078efaa0
nxf-dRQvYHfAwKINqzHNAbLEyW8D,0,a335edf4b7a05e6e0ecd44b71f14a1c3953727cdc41a4468dc935724ef2515bb,/storage/nf-core/exec/work/51/6103e33ffb55594137d1099b596626
nxf-8x5f4ZVLPIbSIkVQEhrIoP5F,0,d526ad9fc98b4744c0f089cf55d78fa0fd5e94369809963b11b4f1420c93d475,/storage/nf-core/exec/work/76/593ddb8a24c701ce74f7bf6b2225a7
nxf-VecDFe8uRdyGKrFeroNF70ZU,0,a78db8dd838c713b2308fb52f9acac99081fe0725f517441fd352c4ceeace585,/storage/nf-core/exec/work/c8/75df1a0dce4f091a267c800f6443a5
nxf-3AJbG5hESlJsG9fAwZhc6DLk,1035769,f024e05f3312663d519b15372c28c5c883207f1fda67982484d6989c9eba8d6c,/storage/nf-core/exec/work/7c/4fd4927c94e98012440d2ba0462788
nxf-f9siL0WpDx1MJpIRgGbZ5PxO,0,ba54b87b9fbb1c7d3d8595535df4b3420b89bc50f222a578a3c73a27eec94289,/storage/nf-core/exec/work/e1/4f219de1070c246f4e0b980bee6ee4
nxf-huYSOoipAFWHgwLJEOkJn4TU,1038400,506de914b2f646ed6c61043753350882d7379fde573a1a17c531a66b719d93b5,/storage/nf-core/exec/work/bc/72083fa0a1014c2e572b0569d591eb
nxf-5rBjhsJHtlS7fHqw2m2XA2JA,0,3566b4cb7983dc8296d935ea34cf399fd8519dda668a8bf312d7a97129535050,/storage/nf-core/exec/work/74/e1110e99786bc5b1038771d4678912
nxf-n0P3gy4095OoRVtGM88KwgfX,0,6d6dcc5bc6af45aae68991584dd7f9922246a6cd3db8ff832d2c94c9c71c7045,/storage/nf-core/exec/work/48/844b6136bb3338a2fe7822706fdd63
nxf-yLnx6SuAFaZkhu3wlNklCx9u,1038404,647a0ee2653b4656a69617b541f76087774d7920e4cb8e0bd1fc66e7ee226772,/storage/nf-core/exec/work/55/0fe5bcd3e7113d1c8799c743732c39
nxf-vcR8z1vm3QiLzb99hlOaGavK,1038414,67bd204bfc69d0beb22058ec33409cdbe5b19fb50addcb68899677dad10ebfa9,/storage/nf-core/exec/work/aa/022008aa74c32e7bd80b4010f7f405
nxf-gOQor08v5wiB6cOLCPMNMt7W,0,d158ecdaff46f2776c08dce3a8ad43d32607338fa07b26f5ceb3f4863ceed477,/storage/nf-core/exec/work/38/c530732c1e1c64c7b377549e03cf46
nxf-oY0EWUjcERKyII5nbAQbC2gm,1038430,eebc010395e982d8f67867e1a78b795e73c24f560565fa421769d4bb37441196,/storage/nf-core/exec/work/a0/14dd64e1aeed0574882b5d4f2deb57
nxf-gybTJIE6nRh0ok5Z2ksGMcGZ,1041837,fc80f6e653a1f1cf260209bc7ad8dbfd63bbb878739fca9f5c41db1510fe111b,/storage/nf-core/exec/work/9c/54205b306565d612b8bab942413dbe
nxf-lrfxoBCGYIdQPMSP9DPnU7pN,1041835,fa503f5188b2b7567080e4143ced20f79e989d24002e47974ec07a5cf65fc3cd,/storage/nf-core/exec/work/fb/738f61e70dc6971007eed2499c25ff
nxf-zWhFAPRzqRHp6AmQ6Kq4ZLhm,1042078,4f5959a161b3cf90654de1840354e99e6d309df1d695afdf81f63702e2d4cd37,/storage/nf-core/exec/work/09/a64683d2e0dc7da9170fbd74ee1f9b
nxf-FiSif40vNBDF0bXBwo9YRQZ0,1042082,252ec941f9855581a3d28f359203b91a33f5696a1c14ca85c9b595f003988809,/storage/nf-core/exec/work/f1/ce71f20bddb25e0edca3e309d1dd40
nxf-6RdL7HZ2bfihAeyFxMSlEz02,1042079,26e46dcb82bcdaeb78307a278b15b52079b3314af3eedd01b36ebf325a4803cf,/storage/nf-core/exec/work/56/367cce795adecf57419a3bf21a8c25
nxf-p1hGipPd329xSkptf0vN3Ic4,1042112,b053f456e7344ef869aac5a8d0c8b40ebc4c872ae143f82716f06fb12a9e440e,/storage/nf-core/exec/work/26/eaf72beeb2d6a46b1e306102792d0f
nxf-14aEYrl4ULsWwzL0p3cPJNsM,1042089,a2d33f8a6551f196353515094b3b1958b9ed8f6bac408e5f92fd349519456c2c,/storage/nf-core/exec/work/e8/95be7281316b77687f7bd3cc8f17b8
nxf-kVl5oje3r2mWztjwAOzfVaBJ,1042083,2f9204a8c2458696fc01bfeb21591ce882710ba71e35172648636cd26c4af121,/storage/nf-core/exec/work/85/f4d60234fb877cfd829b1ac072830e
nxf-ehpkjUOZ3uynpNUy3MhDRLUE,1042117,fac80fe417f48020b279d4bf64e3f8123967598a1a97845eb3265cf07a68b131,/storage/nf-core/exec/work/34/30b099a2f04233ca98710fa97ba584
nxf-fAEYIshen0J7vw6c5STq5Pol,0,7ace22990ad115fbc33e8049680cebcba29053132bacfb6d2d5e505358102437,/storage/nf-core/exec/work/c6/8c328087ca33678b4ea225164e32de
nxf-PBCEY82XXt5dI0iwySyMDCmy,0,b439fecf6a2c48ff6e01e3d650266bf20c0319db73716051c6bba35cdc1a0139,/storage/nf-core/exec/work/2f/1c38068cd93dcd3321b0bccdfbdfe2
nxf-dMAoQP5fCxXRCQnlcRyn3lfj,0,1b0bafb1c92a69a20ddf1fcb9bda34688d5541bc1c74c593a87bd80db82443fb,/storage/nf-core/exec/work/ea/124f4b8dfddc4deb22dc9b2ae2ada2
nxf-KchcoUUkIs6vsAOlzFB6V9T8,0,6cc55858a8b87c09aad2d22cb4ac37cc7d6a89933134106172f4ba78318d6fda,/storage/nf-core/exec/work/61/42daa532a68a87781454dfc1d375e3
nxf-Y1A0r8LaywGE4I1DwCij2XcR,0,d0cd80342239c26f8cfbe115be8d31dd389d75f326a494a5492a39a282f45a66,/storage/nf-core/exec/work/fe/2114ce0d834fb1bce4cb38cede0b45
nxf-aVCX7Lr4lj62Sl0NfVrMMeld,0,38910a058d170a9b1cbb2e1e3f8dde7eee4d14ed174cffc53d8c693dc418f84f,/storage/nf-core/exec/work/37/01344ce8c08da144e9f570502994ea
nxf-ikXlgS78h4doB9iwS5TnZN3B,0,c55a50e9ab5ab9ba6dd766402df165815f4e4e423f161f849d0021b2134db0d0,/storage/nf-core/exec/work/3f/fe188980ddf457392ff506ad52e83e
nxf-5gj1idDenTYcTKyVqJ0DrTdJ,1043916,bc21e26a7bf2f4dfb608cf4da1b5a3e3d784cd30b6f993ebfc57033df9b64ee8,/storage/nf-core/exec/work/07/9e2d4f92ad0d14ba91b39e19d0fbfc
nxf-50WmHbnJ9t0o0B2kndmKRQkc,1049090,fd4d33190c51d67645bfd7baa84bba59a67830bebad0af1404e06fa8794d281b,/storage/nf-core/exec/work/ea/9f10ec4e57c76bf0cbee3da95dc7c1
nxf-cRF7G9JHpDn05tklexD6XRmC,1049161,dc7d3b08689765c8f6f53e22d6ffa19bf7c11fafeb86c91287ab7d226290a14a,/storage/nf-core/exec/work/d6/5d61a965ce47d419290bdddadf5a94
nxf-qrI9J4butAnak7uBdHRkCKpi,1048940,88224cfb86e04ef740b17731fcec9a2c352520dfe4de803b53ca06030d6c0cc9,/storage/nf-core/exec/work/5e/be06bfe80f1d2b7201978a3710a8bc
nxf-WsAYSt6ZqYxZBnrPQ00LZ5Cb,1048948,fe55c12339f6ae21c123f362ea9351129cd357567b07ac8d617bee54364701d2,/storage/nf-core/exec/work/a3/485d3bb15117dcbf67b9a2fd2b2595
nxf-8B0bSR7iCHFRA9zEgykpfl4r,1050381,4ae9b8603f0e11462338f8e3eb7db1569b8abc27a48bec42e1eebe6adc5b850b,/storage/nf-core/exec/work/ac/7e43186a61a60be36e977b91f5997a
nxf-ISTrnpNxvBIPGEGi0vApeuNy,1049169,542ff066a4b992582f0a8eb271a9e801dde54774cbac031b373f502b8e9d1ea4,/storage/nf-core/exec/work/ba/dcf282df8dccf86800d05096b71aec
nxf-z1jKrztHpgKfE766kbQlHrmh,1050370,984cac9024184f059647522e11d7ff779b7057cadf22e8e12aa3afdb10a0bef2,/storage/nf-core/exec/work/ac/2a26316703128d0d102396ea05343b
nxf-XhetUEvb5UBrPHS4AM5AECkG,1050379,0273886e26973e8d7a9e3d3de07c9dafca9038df26c747ed1e96f104acf27c3a,/storage/nf-core/exec/work/6b/5f95d411874b7e395c9ca926291f48
nxf-hN3QujczQGApBtXVOX1t0N1K,0,fdcd3e0fe6a1c901141beaf2e222ca9e5504225c5e9f061b471ab6526b70d13f,/storage/nf-core/exec/work/02/1b94d7741aa8e5adb9f85c9edc9c15
nxf-Ld0zGVK7mVBDWHkNsRBL28Qp,1051448,0649a591656a362fbe686cdde522c595187d8613466cf79b0443246dea44b10b,/storage/nf-core/exec/work/39/6715dee087cdd50c4a1e9194a04bc1
nxf-6Itb4lSdXlTww7buXcnO0ZHb,0,cfe4ef8fcc7f0bb14b2c74ea3a77928b481cd7d556145b376bdf52c17a9c65f5,/storage/nf-core/exec/work/ed/1e8956d46a98b18b45a1b0961bf9ca
nxf-33iJCRsHcC9f2iAoQIfIoePy,1051314,95872a858d1ea829f987a0e6d057120beee89d09940e00077fa61e86c87bc5c8,/storage/nf-core/exec/work/57/ad92c6e51b6ac53330de30bc96bc37
nxf-vCC6IF0oNbY6gS5e87X9hALu,1051449,d3f9fe8364e10b51d0c395205ab8bc4c5f6b3a2e7a369ebb14a99b599a364bb5,/storage/nf-core/exec/work/1e/2dad2502125183cb13b070da474a07
nxf-vZmR6TFkAGW46TjY1NAmXgn2,0,2b8bc5ff3bc196a70f3eaaeed1881cb546d0f719ead491c85bb45738a8aad792,/storage/nf-core/exec/work/c4/36f7b96282ac34af2073dfce0480fc
nxf-78aIa7wEOAci1oAVgLAaniig,1051447,b5c10b1c411b27cbf3e150c91d328ef8b44462b208c9e047e506180e194ee0cf,/storage/nf-core/exec/work/cd/b3b53d990cbc983166b274f72d839d
nxf-Q57suQ4enNn0iUcoqn9RKW5s,0,4261a7168d98069c9d309206261376ab85d7c820f4b05266b9bc4b4e85ef92cc,/storage/nf-core/exec/work/18/0d265a13abe052d1488e470ef920f7
nxf-q061fiYraQxID4E8Wx4f4wD0,1051455,709dd97bcbf0e85d3b53edd711bf4306fe22bc105ac6858b39ef3cf12881a9eb,/storage/nf-core/exec/work/11/d2995dc3965a1dd14845aac92e43d0
nxf-RLlVJ8uLjJCwthw1b9AWMkUR,1054374,698e114096bc526b5ae5fcbf299f973ed6619ef612c2acc57599c111cec514da,/storage/nf-core/exec/work/b1/3338b3452c9741f7ad43a41394f1af
nxf-YclhOpBpWklDE840Yt0ffjDD,0,801b857636392eac08b8ed5e7d3314c8c5b513e3e7ecc4b3d2ee70ae2ca78abe,/storage/nf-core/exec/work/64/ec9338914161809e25cb97d9fb5eff
nxf-NYIbOvzV2TBjwY33OgeGiWqk,0,de7432aaf9a5bec121609e479413c593d82d4c58b5539ad9ba8c157e3a5b9537,/storage/nf-core/exec/work/3a/e236d7a834742a8fb8be1ebb064526
nxf-eNucleMFf4soPKeV1XpXa3kr,0,5aa9b5f8b6e5157bfd3df39f83075858562dae0404d39e31107744dd15ad6c23,/storage/nf-core/exec/work/27/0e8ee68c75d63875ca77da45261482
nxf-W0AIOF5fXXzwA7dGZH1suTvI,1054384,0da831be919f92a157e598f6faebfe730456e939ab3b168062470bda49cc0191,/storage/nf-core/exec/work/7d/88614a36344e732647f6833514ed71
nxf-6dpbMGmWUTgjtAnFMayKLBik,1054388,857220117afadad4a3a271e8099e9dd08e46038f9906f0f20e9b3fbea2b00dd9,/storage/nf-core/exec/work/d8/ac30bfaabb9c15e9216943a51c0ca7
nxf-jTP5y7ZC2iO8KK0Jtrd9ieLY,1057002,7935f4574eeedb1ff8591bb278906dc932d919d02f89eeb6479af560ac0256a6,/storage/nf-core/exec/work/d4/546959ece1daeb70a9c5cff7940c92
nxf-nFiEcNU9wxfMToNKU0OsQujf,1056870,deef200897931b997932436cea809b2c81e78f55c12bf8ea5b16b8a6eeb0ae06,/storage/nf-core/exec/work/48/477a75d1ccf95ef2ddd85001ffeb3b
nxf-AfHvLUylDlAOmy3zfg0wyzjU,0,28d3b833c43237679337346e3560549d707fd9937b1b726b98b158df550afc6b,/storage/nf-core/exec/work/14/fc38ace7d39542c8b9eb7ea63ff982
nxf-OMWz0Q7JrR1VJ0LVGlW1VTPa,1056915,9719d0dc08b38fb07a31e7680e102bf943b8a879fbc05c36b59815ad2d4f1ad8,/storage/nf-core/exec/work/c0/81eb3936a03d411e862eb9e9690fe9
nxf-nsn1D0UyQu3RhH0fxUK1n6Da,0,7f3358a7530ef1bc5ccdfa942f0b5a0f3ba6a3050318827bf62378b28122bdfc,/storage/nf-core/exec/work/1c/b28bec602ff72388f8bbb63ea8770f
nxf-j2pM6Ajev0pnJqekXAQTZaNE,1055851,425a1968bdc5d50314910d7328f12d73c0b902af10a5e4f5619594af0540a8b9,/storage/nf-core/exec/work/c9/8df4c5d9ccda6cf7d4bdcab0bac0b1
nxf-0dSdsvTdO2g0YUoT7b1fjMqE,1059295,2b60b3f89b8bfea8628f3904ff46272ab06ac902c496ba4794f85ab6ed867be7,/storage/nf-core/exec/work/2e/0baed25db65f504ee2c94ccd311613
nxf-CH4hi4mvg3XzjlzCC4pAtlQp,1059145,20abe7677ba08089cc57849947ca345edc4868247a4c7924e96f25ccd840ca8d,/storage/nf-core/exec/work/7f/9c590db5f365d7d9cf37720678adf9
nxf-vaMKIHWigK556tg7GQbGMl2R,1059297,464bbc4aae81f3702ee23c795364f6a2f1573f6c9cb0fbc004352973495a012d,/storage/nf-core/exec/work/cb/b23b96818cd85ce257b401066185a7
nxf-9H5s6IS6c9oPhrL4PExJLVA3,1059299,8297fde1149205aa330f0d190396421cdee2dee1ad84b41d9d5b22128c0beb48,/storage/nf-core/exec/work/8c/3274e871d7a96228293169636d5a00
nxf-adN39s0hwmqkFXhYLOOdB4is,1059051,dd2c467c2c979e000d2c7fc57d2177fbec66b1c1d58580a9015baf8dd1477ebe,/storage/nf-core/exec/work/8d/97f7e0d3912b42fee59b5cb7908782
nxf-uqxIAOLo1E9SzmjrW01y6J2a,1059097,5864d9402c7238d47f3c62bab4b1832bf584677d40360cf9b9a326433483880e,/storage/nf-core/exec/work/33/4348c8a7f5f9e18377691cb5a648d2
nxf-3MZrfAFGiwodZyynsKAstcxe,0,133bf6cbd815ce4bb472fba86a00d1c48ccb50a8f60a0cf35100ba4c0b0b3bae,/storage/nf-core/exec/work/26/dbd0d545da332efb34543ede6e4c67
nxf-WDUM2m0A6s0KLYw60QRKLrx2,1060687,396eefed892394ef412fa643ed8f53f081d9ac13ab67abab799d2234c8763f82,/storage/nf-core/exec/work/ab/05d003cfe86f028f0204fcb32cb247
nxf-iSbar4lwhCHCABhkg2w5X2IT,1060878,16bc236291f2613a45add1707516a7409965e84e7b9b64ddd503d55e5a4a5118,/storage/nf-core/exec/work/d5/54a97f7de3852d984bbfaf8643bf33
nxf-cK4lP1YurdqADQH22IVEHavM,1060879,8f250bf268fe825c0e5f79e3da5d0045c4094c6fa0554ca23d6847ce4044d4cb,/storage/nf-core/exec/work/fa/9de44cf05b0aa22dfc46f2a80276ac
nxf-GPJZio2WSAsaE6phOGRb0p0s,1060904,7578e1ecb5d7f77762c27c496df0a0abd95f5a0ad0b1a68c18149db428beb414,/storage/nf-core/exec/work/84/5440d0caf4bd9988b9344fd4429129
nxf-u8G1OtI0pWa3ygDZ5PYCeDJv,1060880,957f23ef1c8d4daf79b12c1f39a095e0cb222ae3513a4a1c26b695fe2d838b73,/storage/nf-core/exec/work/7f/9eaa04bc402d1bb1ff22e2aaaaa767
nxf-G7cqzA0HVdQP0zQJmKWdGmN4,1060884,6fc279bd751382c6ff9aa0223b810e359c46439129d2ea3acca44ed4f85b4d4b,/storage/nf-core/exec/work/99/a884b0880d7ad0a5c920e1a9e848e3
nxf-PrHEtwQAm5d8v99JgVAU0n6I,1060915,dd23ad5395b467f1cd188de8bdde9ea47b41ba39d2b93b66427a46b16f5cb003,/storage/nf-core/exec/work/f7/3c9bbd5ad12a4fb4e4ca83500881ac
nxf-kiWkaCkgM75YDAKSV5qoEBup,1062235,9033a349e7787418d2624742792c1755e3e32cbe614497ffd86df6e37a34d9e1,/storage/nf-core/exec/work/ba/3e74e4a0a20f7d50541347231a3396
nxf-dukkBbLItADz7kDbso6KVbHv,1062318,b697bf9547194eb6a6b6928023671934514bdb4c3f2aa420889924050b587f51,/storage/nf-core/exec/work/4a/277799786509d85b1668c4fa5378b4
nxf-zJGrXXxjVFWciMwtjCtWYo0R,1062317,595ad0456de0435796f213f2e6467ea379be672ed1716c9b8cdb72ef7c85fe60,/storage/nf-core/exec/work/8e/43b78509d263418876f87ec50759f2
nxf-i3EhSaD0WclX400858jYtMBf,1062894,8d46d90335ae8009332c4ffecbaf70bfdc26eb88abc5cb589c4852591ecf17c9,/storage/nf-core/exec/work/23/19d738331c2942ada510cb4af8da0a
nxf-exMKoWuiyXf09hf79EpEqKeT,1063517,8d2fd53fecd15dfa0deca1ec7eee5f971f454847e360b8477a9cd83f41c1cde7,/storage/nf-core/exec/work/0d/e988b3f241669688f134c76fb71653
nxf-xqiQbwWJ93AmVvOYxdMr20St,1063509,cf7e4ab5decbeb921c47023be77e0f74dd9347928f2a09b22dd08fbfd777f9ad,/storage/nf-core/exec/work/e0/e709c9ff0468f90949a0753d680e07
nxf-Jnz45M5I0J4kj3JaXwN0DMwX,1063717,f4ef4605558c47a2aa3a52da9ec1e1dca3df4360a6671081c90759a34616bec6,/storage/nf-core/exec/work/a6/eab9803229458f1f26be58930aa89b
nxf-Zz3IHact36ru63wofzXG4Fpp,1063737,abc5b1ed3eddb9fe22f83c528ced125648ab14bdabbc7a1debcbec6bb6c2e510,/storage/nf-core/exec/work/79/bf5356b6b76a21b25bc60c2b128010
nxf-oOi7DAS0Xnl3gJBKznKNIuUG,1063726,e7fa9265dad00b8607538c9de14a72fa0fdc31bdd7e5df4ce9a81fafbeabe9a1,/storage/nf-core/exec/work/5a/1d4d276de77800c392a86778fb7c64
nxf-DuC5Pp7pamItKAxR51JqSyVW,1063563,165327ec03fd91e46364d0d48a6ae10587edf94a7abd7f071f460161f7431e2f,/storage/nf-core/exec/work/51/c304f48c5329508cf8ab636057ed28
nxf-ADmaxspSIjA0uWcPyQgCNAwN,1068786,3122dc7eb8de7147e7c25863b6cd47e1d696acbb4cd3ba0df69b9f47b7afe452,/storage/nf-core/exec/work/62/6860ed9c739a8776a5156b8f0d0a00
nxf-EWqkM7V2v380vFnndMtu5TBV,1069057,f412aee9f71db5c678376abf5eba7448ae5fc741273c6b7a085d1212a2164c28,/storage/nf-core/exec/work/de/342579596d8917eebd94a164b27e5c
nxf-GTuaQSdUaUALV4pKxzpycJ5Y,1063743,e307ae6584e620eb7907015bee5ac18e9ab7e438157cc9ce62abee89c29870ad,/storage/nf-core/exec/work/1b/8162095f38bdc3c7e15d6a52c4de75
nxf-kPui6SOioOhXNSK0AaRfeMUE,1069059,3ed706207a59c6f298a4817f52731a36ee49f7cb19c07fb39a86470ba2fe8615,/storage/nf-core/exec/work/89/a3cc407836cc9ef9ed9a1938d0e3f3
nxf-G7VDGzEbCBoZJze4fcoRpbVZ,0,1a0a77102affc563106613f85b90c7f7ba01eae295f77ef6c1613d2962444a8f,/storage/nf-core/exec/work/47/7258b3c0a553df4a1470ecb21bba55
nxf-2RCF630fLb4oxapp0vFjaiMD,0,29cda2a32fadb3376efc82ae9eb7836e61e350266d5de82813f777afbbc36848,/storage/nf-core/exec/work/56/c238b473608a1aac22573ffe292e12
nxf-D0MWP9SyQPA86sdBVeeZWusk,1069058,02c734fecbc2a1c7809d5fdbea6f15bfd98446c863efdfe3f9fc343f640369f6,/storage/nf-core/exec/work/6b/5e9c6e7c5c5d34a189e216a6e967d5
nxf-Q5R0NQRAuZK7LrYnxLAa1a9h,0,a7a56f2273b6f27cf2f6ad6d952556653d435a8012a44e33d7b724fbf311cd2a,/storage/nf-core/exec/work/a6/76c6a66e0c05ab135e92678bdf6795
nxf-MWgCCT03UbNNyrHvv4PzDd3f,0,3e0eb9be1120df7e3a553ba44d84529bebd43bc0ea0ead85f0374c8175bf4527,/storage/nf-core/exec/work/0e/6029cc006bc07cd9fa4391eea7efc1
nxf-0dpXmQeaTcl06Mm7EZ9FuAFg,0,035266894e9035d4e93b3211eced3c14f0932fc402c51bcc617f803e8f93bf76,/storage/nf-core/exec/work/9d/1502ef3ca3286f95ac025634259891
nxf-Ygo59gE9CvwafXmdY7xcxxMb,1069743,2f21d5028409fd2ad7f6b78cb2141d542667ae3ec1da1c20a6d4edc353b1bd85,/storage/nf-core/exec/work/05/56791c2aaa63bc9fa6b2ccae81fd76
nxf-TXSxNGLoV94vUJUY4IQiAIIw,1069746,452911ad6695a9db16b15a5dab58c8b95c05b3b96bf1f297ee36e39c264556c1,/storage/nf-core/exec/work/89/a873f02964ecb4fa93bbd640a34fbc
nxf-RqgvSZQoe7QAohGkJuEqNeuJ,0,3f66e9f424ebfd153fb6abc30cbcf54f8038d8a5eb36eff915cb943422ba3a0d,/storage/nf-core/exec/work/c3/a7135635ab15b61afabc45b0084a9b
nxf-059nOjs8nLA5NGVlDaMQZBP9,1069929,c373cd1d8d274e16ecda507e968645b7d0a6cc029b6e3a9472e5e2a6d7a62118,/storage/nf-core/exec/work/79/a823482f759f6a287ec32e0f21f9c6
nxf-awwl5knxyrtKAUA0hb6yE8Fq,0,d990f6d60b9745cdcd5d0ff6134bc9877f575a41999cfb3c09be495cd414f41a,/storage/nf-core/exec/work/0c/9910c46bb831fe86bd73b6f498f71c
nxf-j1Edf5aUgHmyFiH0n6RzPqXM,1069923,c23202ddbc187fcbb893a1d7a0fbd95bc1e864abb1bad7b132341abd6a9dfc6e,/storage/nf-core/exec/work/7b/1e07f9c88b685246d6a74eee5b5bde
nxf-f8xeYPQLVAGx9x6GNOpDw4gX,1069909,976b00a11910eef22ef3e3b0967b452009e7efeff8fd10ac67085e85af3deba3,/storage/nf-core/exec/work/38/2625a1993623b8b9ce923dba5f3797
nxf-UCU7vkv7PqH3gzSpKmvd7HJn,1069881,9e978500aaf68a69446c9435664cc5a676faa3b6d4cd135b5ec8233e85d19e4d,/storage/nf-core/exec/work/28/faaeb48679cea280ca47856039483b
nxf-AZTzNd0VmqABTVpoJfeXxhbS,1069905,8380d24fdd1dbc0b5fac6d7eaf52153a796ad6bd8c2f3e96651a73d697fea883,/storage/nf-core/exec/work/33/54565db25c2cf1de0e77ea3bd3d433
nxf-kktyz0UlrWcZlLAsrl0Oi3ZQ,1069889,6280380ba92f61e068229a448e89c734053c3fc87f8e5ff92e8080bc7fc14afe,/storage/nf-core/exec/work/63/26a9486f65cad06fc70419bc515b03
nxf-9JQXjmidvJbY0n6Mff78H0XY,1069882,3cff1edd3063bed4e0ace2f5fc76854e8178e5d3cbb7462e1f33723e33534b6a,/storage/nf-core/exec/work/23/92bae1a0134ed3e290cf33691dd9b8
nxf-s0EqFPXINZMPbFum1Z9DvRW4,1069917,b750435d091dd5efa77c9065bdc7f2e7767ca9c2e5df4ead8dc2c0ccffb81c00,/storage/nf-core/exec/work/c4/936501067772ab8dd2d53278384ded
nxf-vrThFYt1nLiAzi99TT0HSP3O,1069936,ca6417cef8d4b91aa678ee8849edf6eb09a53e58d83123b3e4c9468629ff16a6,/storage/nf-core/exec/work/f4/aa97bdc1d666788ade356825067366
nxf-JTg4c7BqTMgmTA6bsEyGGSOP,1069911,9956ca7ca1799df04a0921362f75da6b1c2ef1405d9729511c6a1aaf7dbbfec7,/storage/nf-core/exec/work/9c/24def7c82c1741f7583720794cdfc9
nxf-fd2Lylvx9X0A6bDzsFU0HoBS,1069883,48abba39e1f9ed5930355ca6db310ec7f24dfd58649400bb62b787634f3c811c,/storage/nf-core/exec/work/95/fd8acb9fd64708b021fa1b62d7af49
nxf-iA7wiSebGu00S0aR7BA0mTAI,0,b300096e47cf37f553ac40fdf10db6479dcc421b26d7d117ffa5e0f1f652757e,/storage/nf-core/exec/work/74/36550f27284fc3be1c2d1cc86f3d9a
nxf-nArxBtwY2bhchZc1DJaBw81k,0,7bfe1c1eff24341bd177275e92db8a54ac7b4f178058df224254242f811142f1,/storage/nf-core/exec/work/7c/1aa3e60bea084795620d49b4b72194
nxf-cV62z0sDSHs6uM0HPt93Igu1,0,abde60164c40b68ecf2de08447a3efa95dfe7ff549c11afcb1c09a01625c8dba,/storage/nf-core/exec/work/7f/10824b697deb4ef1cf1dd70f9bb6c5
nxf-Xd8SAp0Y9bVZ2UqmiIY2cHfM,1069880,73dca10b0e1556a26badc9824cae9083b81609239fc402b85041af179f36a832,/storage/nf-core/exec/work/93/e88e9a121dc9a245faefea1773451e
nxf-gQPssxI3eeaWapSs77dQ1v75,0,d4211735248add371e71bc6a1c2b3ad3a3b143e62938a5e6ddb861279ab9880b,/storage/nf-core/exec/work/0a/e34c3bee5262504d7f7e7b82fdbfd5
nxf-bLAx0Yiw8pbX9FLHGO6nMCKo,0,a6b67b87a060c5edf620b3a6dfe8fbebbd6b867a55d3276ce04079d8f216f3ae,/storage/nf-core/exec/work/42/e42413d32bf763384f8f5437f5d080
nxf-EfVBSYKHnMUnIp2veZzAIZOD,0,2e54eb9b3d4988ff5b2dda10f05c5434bfb6158b24fa184a09102d3f5198a614,/storage/nf-core/exec/work/c9/4aece34fe5d8aafed97822796898ec
nxf-lWbriZEG3W4U0Zb7WlcOjeOB,0,66db374e33f98bdcce501d95d75963d6fca49a03e1a875bc1d904430c23f5664,/storage/nf-core/exec/work/80/3e9a0a23f05d180b65ec9c300fcf55
nxf-pu6MKBCWAxV60RFlF1due0NC,0,f3856845783921b9663a9fe7ba393ba46f30b5112c784f0cbae535a044cf47fb,/storage/nf-core/exec/work/b8/777042cde30fa9671f5003478e2ba8
nxf-CenseTugaSdl3p9GIea1BAfw,0,434acddb6a275e170d9e0966452ed4c6716070ff131907d43b0e5f64695ba8b0,/storage/nf-core/exec/work/21/acfc7f041123eb4b78f46effb20a17
nxf-rCOwxrS80LSO3YdJyR2iLxPa,0,56c8cc8d1e4f25c9d994c6d1cf082ce0945636559d75169fc5a97d3f8016527c,/storage/nf-core/exec/work/15/944f0e38c587c771c62a18b9a45914
nxf-VwL1N4raxN0ywWJC9VMvxawK,0,28760fddf6f7004d3790e8c8ac8d413eb25ac58d18d5e5778ad88d93a68c329c,/storage/nf-core/exec/work/bd/f65f000d72d5be8b75cb245608f760
nxf-Z69w83YpFzKXV5GLsQhRYGWA,0,288d4e256df8f33c47c4efa33729815763313839d3276a90154a7f26c9b2c98a,/storage/nf-core/exec/work/26/d4b1d734cc7c381e20aa154512b1da
nxf-7y9w1UcAekU49spBmhFbTfSy,0,2e270e655b1b11700cb18389048ad4287b09384bf50aedce9551d0306cfc399b,/storage/nf-core/exec/work/ce/8d60e52c733e691b17129bb52204a9
nxf-skfUuBJ5FE0yr30JZeCGX87e,0,a4a85c1332552eef4184b7d8ed886d353de3f8c3c390d81334e5240b6eac7a3d,/storage/nf-core/exec/work/63/bd6ddcaeb5f7761eaa012bfdb708f2
nxf-0Ouv9mkG8J07ctnHE4CWaLCt,1074410,bf20b98dc32c0ddffe693d627bddba9a7dcf06b3b76aec30b68e5cd1d96c01d6,/storage/nf-core/exec/work/da/429bc710279ed8b62a7c57100f13f2
nxf-HtTJVf61rQ871gPAKZ86KhgG,1074549,a868dc0527bd7fab653f244b5b4b8b62964b56d62778b74105d2f10f654624d0,/storage/nf-core/exec/work/bd/b70855dba18f1bca00498c16951f6f
nxf-IyoCk72OuKnXNEaeBAty10Ei,1074853,eb499d6414661a651108e104606d37ec0eb3a9842aa62c58e37ce41a34e0ce4c,/storage/nf-core/exec/work/ab/1cf51f8f120f200aff9783a61e4b94
nxf-zJ3x5n1oyyF2h1zPX36LYFAj,1074850,1ee74eb8af599f875b9868752d2481c480b761ebb0f896c053164e407e29a300,/storage/nf-core/exec/work/31/f3a2795b98c343a6f2d3487e247557
nxf-fVZvvMSJDgVjXAffr2azzjP2,1074851,49135f2540bb1db19d5fc9593304e90cd1ac84a44df26cb2e3f4706e1c4623b4,/storage/nf-core/exec/work/8e/7a980b6e48b6888b2f22a09b1adda7
nxf-5ANfGFM0T5oDvND0JEPEYrtf,1074864,e3c611b20247a95f4539ebf8b61f2d317551e1c7ceae9e7ec08fd9f54c53941d,/storage/nf-core/exec/work/77/fb1512fc871f2f92d421f19238dcb2
nxf-7LNTvh2BtXDT7s8skti5Mmf0,1074855,710d84c10d59cf208f4081b7edfaf39195211794b127c41c3fc3418ac76867f1,/storage/nf-core/exec/work/91/661189269474eee83b1fe7fd6f2600
nxf-D0aaOTEPMaa6TK7JwmtRsm9A,1074860,82e1655c6083dd43c54a904b824b32ec602256fa36f8324e24192ae0e4ec57ec,/storage/nf-core/exec/work/ed/45c9710706704c242e59909174a5e6
nxf-TUYY84cxrQMHs0fJ0x3LQ35P,1078427,85a82e1a4e6da845a186430e8975a718794666fd0122c50b17995e9368fbd62b,/storage/nf-core/exec/work/d6/9c556837a3b15df83bb96baa58529c
nxf-nY2Ivr7EZRau0PTYYr8adk52,0,130abacc0f685d40c0a169d3faaff46f0cb37580ac8c65ba58f6a1546d8bc461,/storage/nf-core/exec/work/18/b15a05fa9219921bbc8dfdf2c8ed85
nxf-Tvt3UPdv0wpuW5QgOBelOE02,1078385,0b0d1d27ecb718d6dfd551a947cddf50d14b9d278f13e5e27a948f17c37ede0f,/storage/nf-core/exec/work/06/fe39fd8834069dd9515acc235a13b9
nxf-m9nCSG43xhPJrQAemfGKcugV,0,a88cf3f3783d721aca33bce11aafca542400e6ea9b723843ae8ea6bbd07d22c9,/storage/nf-core/exec/work/76/ac20e626cb5c91ca6f8a197bb3916d
nxf-wrpZ0XMCxjM21HrkpS7a9cNP,0,ccbb14a8558a0c29c8052a244b2696b441cde5ed4b35db72247392e9cfc71082,/storage/nf-core/exec/work/9d/d0fc2e49063bdaeb29517834a7d886
nxf-2d023v1lmyPwpZZAb4PgAWop,0,c56504facb0a50375c0c21b70545811bd51db4d8d79ed5dd7ab4873c7b12c507,/storage/nf-core/exec/work/6f/9c5def6e3db4b4fc43ef499104694f
nxf-6pHmVCraexR0dqm6f44smLTm,1078768,40b1d7a947c9e7df2b7ad6116c569e91e62787767ac2549f7ddb66c682b21f8e,/storage/nf-core/exec/work/ca/0e97b6ec95cc0cf9dd2faf7ee0fc6e
nxf-5GO5l0IA51ujUE8VkDqtZ3Ql,1078790,cb786311f3dd5e932894ade2b485396fc06154fd8f4722d13ec9e00bc05f96d1,/storage/nf-core/exec/work/68/1738c5ebc16addb2c2c35bd8bff4e4
nxf-DrfhQgdTjchMTvfKcIgMMsp4,0,0f1ff58935d29d3e614791d315fc6319720dbd4e316e118c0d7119fc9a62a040,/storage/nf-core/exec/work/44/cb92d795ca82684777d6244c029f15
nxf-JlcDdM9LgIYlXy2pN4YkWxSl,0,63fdb693271ea8a68c3ab2be4d3f798f12250a994c25e32791b2233a75333360,/storage/nf-core/exec/work/9c/feece141f84724b3f32e0a71fc0de5
nxf-sDvDXmGutuW3h005WzaVSD08,0,7a17f2b4861502a6ca2424b8ccd3075d3e9e0e1e964beed079a7dd629a582205,/storage/nf-core/exec/work/04/a6f9cf7dabe2388173f6bb599f74aa
nxf-nbuHW1dd9mRZKmI5A6BXl3SW,0,7d8e465af49df9fbbab57afd5b751073392ca51d5da4a7799efdc0ed04e4e220,/storage/nf-core/exec/work/69/4b03b5f44b0ee2091abd834761c2e2
nxf-IwaHOQY9Xgl7TCU2HMH6I0OY,1078793,e4deeb50477b048f5eb77fb81e20c0d1e15f56d44b15678191002552a58af43e,/storage/nf-core/exec/work/47/76d6376e0e492e5046d7e9e98529a6
nxf-R6gmBT4QfFOSV5iJQrk5S8En,1078770,12062df97e4beff739ab947f0f3bbe43bc89da8956983709806cf9a4faac4872,/storage/nf-core/exec/work/2f/1ae2b1e357a7a87140235e84291a54
nxf-N0Vw71RtYPTrbp3YhaMrAh0f,1078774,5ebfb3857ad7063bb927684d66273d785033c221ada007a8b305595abf2ea87d,/storage/nf-core/exec/work/60/bad92979d02a6916542fb2b70248a6
nxf-Xyt7A2HlhTeBmRQymz7Gkzfg,1078782,8d2b49408a0da3be2df4406a3180bad80b6918483d567ada278bf22a84c72361,/storage/nf-core/exec/work/1a/dfb86f090d15d47bc438e3e24371f0
nxf-aYTfETRnqlgtF3AtKAubPwPY,1078772,3d540b2c9cb5d6d0886df5f18db3dfcf21d4f23f9d03b60d013cdea352511dc1,/storage/nf-core/exec/work/e1/2ba1861931eef40a05959b44010d1a
nxf-z0aa7t3Zk7clrDGMVw1lS8G6,0,64a957f965b48eeca152fa8f8fd63d1e216939f010d6f8a4b76aa02ec8c96a6b,/storage/nf-core/exec/work/d4/4058c4ec564d8fee2d26d642643ed1
nxf-KF477NELCDVAwKNNhLMO3bVT,0,0c957135322bbd67f75977634f7c93f57d5fb6de263b9cc8621602a7d320e9cf,/storage/nf-core/exec/work/b5/498a5336a26bffb6838533c06899ca
nxf-O492300yVnk9FgqePsKHuo7w,0,922eb1fcd7e8fe51ec3116a44edab0dccfadd0b747bfb75ccb4f70d056dbc12d,/storage/nf-core/exec/work/95/a3bc0cefd6275ba04491a474b63661
nxf-IxXeHdiAsvsYEdWg0PiiGe0Q,0,bdea26eec937279d69b67ae8800997bb5b1a65420f3812d71606832b0576620b,/storage/nf-core/exec/work/5e/aaa5f301f3041cdcf59e778759fd07
nxf-6R6JXVCVxhPTYKmax7RZLsyL,0,f4e985f3fd871796b4843a661bb07b967d71f7d83af87345a9b75e9df8ef5902,/storage/nf-core/exec/work/fb/f01ba0cc56974b5ecb0a1d8e4bfa16
nxf-ZryRIiAYD3oYPP6YdbA22dnZ,1081890,78ef6efb610189dce69fc6e59e171a9737f779105918dfe8296733884ea682a1,/storage/nf-core/exec/work/cb/61c69cb25f4f178f21f97fe719de65
nxf-kuTnHJYMnOinLWRsXVRMEynL,1081893,a501053b088b78040e091980a864db633467d3c4d9e930b0e798217f70b4d08b,/storage/nf-core/exec/work/18/e49ebeea722d036a65e49164a85fff
nxf-450qjnOxM1AxVXGIb0huIzEs,1081889,67a59e482569d62d781715e2a6b9a5b17035ece6d9ce5093faf9c48d8a7d45bd,/storage/nf-core/exec/work/9a/6970c02429a9701865ebdec6d3da65
nxf-hpZ2a52BY10ZHQOO9gOh0ebE,0,66ace5d0e62503c19b661f910b6317b0b256718c0627ff24e6f344f269b860ce,/storage/nf-core/exec/work/e1/25e5dee98c1d7269947135b52fa7a2
nxf-NF7Yg7ygbBXUmoqh5SXnSyXf,0,913752d99caa4e3fba75144570ec9b349571f0658c67d0f5dd8d870e1c81d93a,/storage/nf-core/exec/work/d8/f8eeb2570ddbc410f79c75582815e8
nxf-IQHkkfwZUwOBAmZoT9T3dcrv,0,fa80a22c8643c8348bf9c54bbdaf0a122e7b2de9ba9af31e62876760f6f97e93,/storage/nf-core/exec/work/44/6c3af4f5a748d6482b68b6c5d8e784
nxf-dAkBH6go44uVhn2AnIL7HjwW,1081756,d2682a7c8f5c5fc1f344f0d16af44582529067062dd5e1758aef5315f4490fbc,/storage/nf-core/exec/work/bf/cdad5ac16510fa50773298f87bc445
nxf-bizeXVSQAHG5vk3DRq28oi6g,0,e1aedaf9297f5f70ca517a1f47c95b41f4c9fe71e5e38600eaa0449f95334650,/storage/nf-core/exec/work/d6/8a37cf8f445d8d1d520c0248ab586f
nxf-ZCToFz21ruj1m63OiOikiTDi,0,6484a7279605ec25ea213e9276f65ca4a4d4e44d3457f178495d1aadedf6ff9e,/storage/nf-core/exec/work/3f/7b23ef69b18b294bda736cd59808d8
nxf-NIfzqluPHVDvGiFlwTLCsETk,0,a922feda8c737392ef6e0ea1772959acdd56356b9a89dd33ce56ca4c50f7c801,/storage/nf-core/exec/work/2c/4d6880c3778564eb28a7ee3390eeb1
nxf-PwLZehbtE5DONWYvkH0ePUMX,0,fdbd542a653e1aa5066b9e4c17c8506ef5826bcf002d2daf0e62797aba3520a9,/storage/nf-core/exec/work/af/e7b28052b76dd123bc51e98628b3be
nxf-q4JHJEBMD4rCk0YbZylpj25E,0,d6d00966061f5ba4bc0d1fc867a13dbbfb5e3111075536aed4cac56a74a128d8,/storage/nf-core/exec/work/39/bb3c79aebb91f3af321d6fe5d2e218
nxf-cE2rPULXActKvgAiuVKmORm1,0,96c90928f2187eaf3b254089d9a9b02c4878c238c4370b65ce26c658b68e17aa,/storage/nf-core/exec/work/36/55ad1cdee5be256f9dfaca4e1fab46
nxf-jxeRgOaTUkkd5xmGSd9uPSnQ,0,b7fd2fa910c8f55dd8194ca9656c974309d0e98c573c31c51926eedb136c041e,/storage/nf-core/exec/work/ed/4f660437d9673a849d4143a113e0dd
nxf-cVch064Z2TrPlPnmPvC7GfOr,1083854,71a1421a91865742e0f8bd6f1ddd15ce6ef0920b658823c79a1246777d994b91,/storage/nf-core/exec/work/19/a89f9e0f67f7661d9e2ee07d8c6181
nxf-gmGDdcNRQUKTqlACeWDJF00J,1083871,a9e12c5e73448c85501b8d35ab9c7b5a038fd41eede6dd75aa6c757b979db5ee,/storage/nf-core/exec/work/3b/7fea83abca0cfbe536770176c4bb11
nxf-JHYy6MGbCzf9w9OxIZ6SMSOA,1083933,9d7ba7c485cedc817aa5642b42b0fd187020399694547139d9e0fd21c2edd727,/storage/nf-core/exec/work/6f/e64dd5ce5c6799337cbb7e98df298d
nxf-GVVZVNqn1m35x600FoGjAEN4,1083862,c3fb7cdd05e1ce23c69b6cef924d5d9e6a52ab20bb4126036dfb43e6603c703f,/storage/nf-core/exec/work/0e/0943384d9899ea799021f6e259cec4
nxf-nzVIJEFuK5f3FJ1ECw0WeDFJ,1083870,a80f3407c4f4e71a03774bc32bcba45a71cb64a709bd6dce75660789bb62bdd0,/storage/nf-core/exec/work/5d/4cdd99ddb3960c482c6e5637fa8a8c
nxf-EjP8kCc9h5de0Q2Y7qBve26G,0,0e989440b56bb19e02123968b54ea8b6bc9b04ca8c1989f0b5da2dc95d8c5d2d,/storage/nf-core/exec/work/30/300bb01dea47a77e02f900cd9b2fea
nxf-WR5fvZnaWUbA7hrW1SebiwSA,1078777,697ad6d19ae24203379ca77ff47ad8d79731a1ffeb2c2947b3396060a4600720,/storage/nf-core/exec/work/6f/6f95c042a110a4c8b76a99fb389cf8
nxf-kodgAOLE6V9xYZXHIDSOoh8U,1085592,8984a2501dbbb0a18cd30c73de871d00992d1538dee8192b6bfe2c1519cec28c,/storage/nf-core/exec/work/12/8a055309cd9aa0ea8993c8ea190e6c
nxf-psDS1AAAWL3cLOBw5K7Aeahu,0,e3a8301ad6fab7169b7c1f984d941a027f4e359268544a2a3dcad64c5afdbed7,/storage/nf-core/exec/work/42/e759869e8cb3cd289b58a99e7444e0
nxf-SfkL8e00yum5bmTipYBq8IYZ,1085802,d7eda072c4e6f83b1b14a6d427d50dddc3619b32451de3e7b8398d199556e6cb,/storage/nf-core/exec/work/24/bc9760aedadda939b5547ba0428a54
nxf-jlxj7baP5rgy9Whgh3H4molR,0,18827c7c3e40de37f9a3bbab42dba6fe21c2f17e224373131b8d00c719259844,/storage/nf-core/exec/work/f5/59de291082f02e07a2cd20dbf9239d
nxf-W1XpPTimcaqncubszhuD5Dhd,1081888,3748a7064a149dd491a226c54f8df5305d86d246b124e7b6380ea80faf4f89c2,/storage/nf-core/exec/work/69/f280c065027c47205e3c412086bb7f
nxf-HbAvpuT3eqwT4Wtp7cWb0xXb,1085788,0ad44d0922f0a54ed076512e8fdc11f9c623d9b191dbac394be6fa234eb77764,/storage/nf-core/exec/work/cb/3da732c0c6dc64cccc6ab752b03490
nxf-kfr0Rl7qfeBig3qAsG4v9qxP,1085799,d737fe7468ac6c8089277d6ff055b5a705e362f52478738af36b6f237c863cde,/storage/nf-core/exec/work/57/80d121107d62ed41bf7a92a7a5164e
nxf-rdIycdGMfdRg9BKbeeo7ko3C,0,865982dd6bd502e21881587c96a930d2b91475b5682c5d2e32afc14a283b6198,/storage/nf-core/exec/work/22/04427b881c32d231db2fb3a6092328
nxf-D608UFRKRYeGbMxmgP5DP0nO,1085789,9399a747c720f853591247e23bb3cc342b5eeb5a64c0277964f8ba8aa063caf8,/storage/nf-core/exec/work/ac/c1831b1bf43d1540b86f46a37ceab9
nxf-gO5e2s03iUMvyF90lrM8bC0D,1085792,cac18ceaf95ce3aba8346fe21268899bf98725aef57327ed42ceb64dfa5a1987,/storage/nf-core/exec/work/36/2e7a3e309d81a48ecb264973e28dc6
nxf-0o92M9FAVbwiG3dDmGbNsMXE,1085790,b2f75fcf045abd5c0073f42d928da38d02bab7e8d8e3d7185c762725d8fc417a,/storage/nf-core/exec/work/e3/b866c5f2ef3204f1d9125b52e01a8a
nxf-Acvz6mHscodInycDLZcJefB0,1087585,fbd043c0e47defe7c642ae8f333b1184d30bf0d6d81aef151e94eb5b512e1ad4,/storage/nf-core/exec/work/54/9eb5de3603abcbad72c0fa88069a82
nxf-GsF60tnq02vPmAD7PMzGxY2p,0,bcebe264bd87d0d99df68f239b0fd79bda48fe86009b606f7484507dcd7879ec,/storage/nf-core/exec/work/d5/4d1308f083cc8ece836bdbf9c62b38
nxf-PxzNzAS6YipyPOXuhLCPYqIg,1087503,33b404fa5658ab56610161663f186a71818cd6c8fb785de13ca03e3d2ca4d98b,/storage/nf-core/exec/work/ab/96d0acb076b45daf00bd73bad5856a
nxf-Vd5O3MzdcESQnQWRTWy4r0XA,0,e37234c5b8aaace8816e12b714f9a1275aeb4d43edbf59f334a8049e2a9fc53d,/storage/nf-core/exec/work/cf/161664f9c6ddc3b12febcbdbc29f6f
nxf-MD4xtr3k8jFy0HxqCoAcIw75,1087461,63fe2d0a5ee202f0cbabab41c9c1cb9464b7b4bdcb2d79a2aa785826e77f02c3,/storage/nf-core/exec/work/57/af4f54301609bc82dcb62c2296f621
nxf-9Y2NzKIF6ebaE6N0cSrLtdnE,0,d2f8d82345cc614c0c569fffc220c71e8faf6aa05f6d65c5f2713e4fe3ab3e6d,/storage/nf-core/exec/work/6c/f662df88fa6cfb2e7f7c71a56bd46b
nxf-A549KVks0d6Jtz3Ac5m0FaL8,0,114445cd0ea1f04b24ac2b362580d8d08784e1fd1105758631eaf54f9a8be983,/storage/nf-core/exec/work/eb/64f6f92cf9924bb3ff9cf1a0562585
nxf-5xk5CBMYzlmwYApvNvKkI3bI,0,9e821b8c49fcd58344a7f2386d6d58426daae2e313a59f121aec62e6c7532b7f,/storage/nf-core/exec/work/74/3cb0b0eaf61f39870a4dc2c427c9ac
nxf-xAFzJOl8tGdJDBab7s2ks7co,0,085b2f84534505fafa41aafd0b4c62d19b0f7c852cecd1b112bfefed16147077,/storage/nf-core/exec/work/dc/c9445e6fd6e33f4216705e264a3775
nxf-q305MTTmc8I0O4C7k9WRAYfi,0,66aaee584baeda76132c8bf8f2cfb0a6596d85d837ac330a05417848ccc40425,/storage/nf-core/exec/work/b4/457a4f1078f1be637b39c86aed31ac
nxf-Jng3CrX6WWnx1YhBL0lKwNn3,0,460733ff3764158dd5ce0229801ed579c39fc9b95884e4a853cbb228e064eb12,/storage/nf-core/exec/work/bc/69c02e6c97a78aea0e1e1985c385db
nxf-GEV3Q1uMQ0WXQ1lbEBQPLBcK,0,21506aaa8ea4b0ed383751992827dcb704fc6066a6b8a175803330f9b576b1b5,/storage/nf-core/exec/work/76/2d0e95e7f0c1bba4d576fa9d30ec2f
nxf-fc2HL1uYtkbtOcXoCZmxqxGF,0,5043893c2d6db5e32f868939d975e04cfe988159203b5263ee0c572fa5dc189e,/storage/nf-core/exec/work/62/3fe9895ba22fe02523ff5ea9f9453a
nxf-rPIoUenQAVUWEAfZh8SSCuJg,1089257,56dd389dd0777fa3dade12952efb8121969ae5ba730d73beae9f335322e928af,/storage/nf-core/exec/work/3d/6b8bcbc006916a5a1abd5e25f49c71
nxf-ihL6RtKIoCJ7aDA2Z0QBNDDL,0,df522f7029eb115c232aa78a4de0ede668c78c5fa0ba1b9c03664cbf6a65ad76,/storage/nf-core/exec/work/ed/285966189077132b6f1aca7da76e21
nxf-bm9CAanAXM1nuFA8YWAHsizG,1087650,1eb56fb4116145b7ff4f10946cbf575c0a74e2ba013ed052ef055e58c0a7f7c2,/storage/nf-core/exec/work/be/a20b66fbb747754a5074f954e8348e
nxf-AOkhlHnfcYYb87P6Rbqgd6J8,0,abed9c086652253e0c62bfdedb5eb891b8fe897b7ae14d6a62df484091df78c5,/storage/nf-core/exec/work/60/27b436caac87d0815cf07ecaa914b2
nxf-xmVJfs0NFL06xaJPMYyKCIel,1091611,0ae21a89f6712fcf479d787c5123b1571e4d1254ce3cbc74450dfe2f7c631649,/storage/nf-core/exec/work/d6/61d6439543534a395575cc84c19ab4
nxf-NeLH73aTfmYE1sx0oLmc3imD,0,4ac4244c3b20791858d0d06a367ff6d5cb47cada171a7dd6510c63c6e6140293,/storage/nf-core/exec/work/a2/affdbca06e3e8c62b530f177c99a30
nxf-e3P88gzV18tpe1xlNc5tkAbU,1093691,16f2874238d59331c2226bf26d0ae8e82f740249b02014af92e0b6d97244b463,/storage/nf-core/exec/work/a2/c84a692854d3f23054615f33441f45
nxf-lAggsJiIsgQlTZyeNbXHFPEh,0,6ffda4c026ab24329ecf05dbcbac485dcdbd90389b4f77e8f75e4d23c70b2cc0,/storage/nf-core/exec/work/99/912a0b79c5fade780a9e7fe77eaf22
nxf-2TgzyRbWJ4zwRs5zEJSNJwRn,1093298,f6d99b78fd75dcefdc1d4c20a20594139d9097392357b2bb2e7f59e0e4e704e6,/storage/nf-core/exec/work/e4/14418105aa629a035e894daf4f9323
nxf-UhmsuhK0mCAB20v2W698PrKD,1101464,352b72a6820eaeaeaba1936faa659c261f71cfa9a4205d6741bc4906f97463c0,/storage/nf-core/exec/work/31/8fde3551d71608faaa7e6f03a3139c
nxf-PDahkAJCOs7cx1NMutYQTm6j,1101599,1e4be7a370d37f39d7355337db8a70640b335bf2c5dba42f4863faf1248d5a97,/storage/nf-core/exec/work/9a/f6a2e0dca11dd34373483bded709e3
nxf-kAfGAbOepaGpA1mABP6SFfmH,1089429,ed66b4a4ad3def619e144e0af9e65a8987020bb54e8f490797a8468b1ad58013,/storage/nf-core/exec/work/47/fecfe8f3d6d145c7825e02474c817a
nxf-9CQXQ2GCtA9zTrGrU97nsFRM,0,26c5c7272c4691b1515621436fb26d5b04358ef6960e162ba11707ec7cb632a7,/storage/nf-core/exec/work/c0/6e7b1f2d549dd8be907ce5a22b8506
nxf-4wmgcx9ksdBrTOMI0OFAwhdH,1089428,5e57e0503facf8ac6376fdfadd56178c6bdadabc452b152e0aaf994631ca1ab1,/storage/nf-core/exec/work/bf/be2e699f252b1ce06aa7c4800c677d
nxf-GR2oKqQ9MDNXZdgd6WphWBHi,1101456,f2c27d75d89b51850186bfb5f61050742e7873c59920292326b6846af2600153,/storage/nf-core/exec/work/b8/4701d9e0df9a81216c340147ca8fde
nxf-19iYpi6A93jt1aqIF1WA5J69,0,fba5ff40799488266074088f549fe67a3d27b57aaae9b42a63b9d7cb4bb69cf3,/storage/nf-core/exec/work/c3/840c983ee33176194b71ebac3d7642
nxf-aVvk3XkePrnAOLe02IxAFUHq,0,dbc1607ee1d5e02d3c80a3ac51252f03d8c85d5f714313f49439d66252cd8875,/storage/nf-core/exec/work/0f/be4a1b29eb7283e9974d15d9047a14
nxf-UK1LwA6xGKAVAc51tnPtoA1n,0,8aeafaccd825a69976a8c42e6dda51dd983b8d1e2ae54ec33902f97f81306d8a,/storage/nf-core/exec/work/af/a9d00bf368aad37a3869a9dd7cf46f
nxf-Ai9MlefBuaFAX8M7ZByo0hkg,0,467963d9b97c33bf5a65e5d05abc4fa59aea78cf8abbe46034fb4c0a43c22b19,/storage/nf-core/exec/work/87/4c3bbfeea4442daaa7f84a10755f68
nxf-agrjWGjH9eXb5VVO0Y4eTNQA,1103932,72c3d20ac3f776e5926f4149ed14e27b9443503a092413d418cf1ba59f5078ad,/storage/nf-core/exec/work/97/5d31093dae92e039fbb24edc6ed1c6
nxf-hpkSv0v5xbD927sAyQCR0CuY,1104222,b63b23c21067292a68b2636ff75483f6946c8d6265bb2e9792b388d86dbbafdc,/storage/nf-core/exec/work/0e/28fb9815a35c0ddeb2cb3fd3d653d2
nxf-YOU5ALo0tvdAprA4IfIBX1WF,1104234,5f7470232f77d2b4abae1fb66ed835dc90d665225c5a45f7f5b2f81eea745d87,/storage/nf-core/exec/work/1d/3294cd67543e0488cb0664218dc6a5
nxf-eEvDnCf8AvPazx0tGW5lNve0,1104224,48193d740cb9ac4fd5f1a5d3f53f44dc1d2a4973b88cce04f468ad8686afce55,/storage/nf-core/exec/work/94/31f9817fbffbbf85eb8dfd29463f46
nxf-u5WqxzmsW40tioRtnvj5Qnbc,1104253,ebd891288f8574707cb7980f7aa4c8de8992aea3042c0f79f1fffaafdc190261,/storage/nf-core/exec/work/dc/87d23c6208bd672a313b763cb2ddc2
nxf-CHLJxGwpHzaBAnwy8Mhr6hxt,1104223,249a9106ba5c6bf8da93e7891a509d4b3991caf1b0507b1e31392aa69e36bb3f,/storage/nf-core/exec/work/6c/dc78cd9df8269afd119a0f778c597d
nxf-olbbV6HLYdzc6eMHCvUE4cdd,1091655,6e3b0336d20ce3ecf6764696ea34d584498c18d024b5e6f9737d25a7e4e1c68d,/storage/nf-core/exec/work/12/46d07b54a0a3346cc68c5e6de59d8d
nxf-kpoRhN0bbqypdMmHa02BktGY,1104240,803a4ed30993055cb49d6f153a17bf64db322ea2e4e8c8c35310c48aa6b3f1f9,/storage/nf-core/exec/work/62/c6ed673990da11a7faecab9ec0e2e0
nxf-YwODA1027ljcIa9m3uQcsoSu,1104228,5a6aa5851ff5deefe768628a0deef0fc3a0e8060973489d7796c217073d17d33,/storage/nf-core/exec/work/27/2144fde8653d917318eebfa889b4d3
nxf-sudHg8MiSzeaK0FA43a0egBw,0,cf739094bbf34575659b51e0f2d81be9aff799a756a2d19b5db3d816b288fe88,/storage/nf-core/exec/work/ef/6425ee73cba154aacae0adbe25f76a
nxf-qQ3Q3brAj4oAg2H3lqET8Lf7,0,77b56597a05076152181a4722cdff6ea73e071fa84f02a463481b2dcabcfc0de,/storage/nf-core/exec/work/e0/ada58e02c23e9a66d126fce159f994
nxf-MoUAQ7L9KNIc4QkCh96cF70q,1104226,4e497614e8d224dad22f503abd025e405e944e3d20096416858f216656abe9cd,/storage/nf-core/exec/work/7f/1e7af2ff61ef6384dd39cc731319fb
nxf-TIrJGU1YpEaaeZysY8c0I6EL,0,47832edd766fb8a701756b9cd1e307e602c301e98e59dd92fd4d7c89d1404801,/storage/nf-core/exec/work/b5/18304a6374e65ef3c7a9e89b9a541f
nxf-iIpg9mj8bVX9TsPTmdxU7kAZ,1104246,a554200a604e32fa7e445e981edf36cddd01f130a9c30e5bb0ea376d8d031ef0,/storage/nf-core/exec/work/d8/b05a224d9edc896b233e1b227d5a52
nxf-0fzk2xRjf7vHIj9TqgtRqU0A,0,ff073dcf82661deb96455ff829b0576f4d19d017292a3a2e0e2ee1c7fe9fc09a,/storage/nf-core/exec/work/85/3ab25a2ea5d1a8f29659311cbbb33b
nxf-BvvfZV7Gbc0s2UWtxkhm5kOL,0,4773a9b276589b804467966c7e7427566ac33546bd47e0b76ac67c446295609b,/storage/nf-core/exec/work/e9/e49779a820da9ff2ca5742efc0d8c4
nxf-9CCFcGvParIIpczuzx1lZUGL,1107144,70151adcaba7bbeb8e4d2065357a9c1aa61d474fcaf265aac269cc5cca242669,/storage/nf-core/exec/work/c3/91db36695dcddfa162ec6f007ec793
nxf-jLPW0f3VQHTphtLJXyPqmLlW,1107034,ebb21e1e2cc5ed7f5f81700752be54802c7d487db60ffea14ad70d689ed5f6f4,/storage/nf-core/exec/work/d6/ac431d5719f5f486a754dd786d86d9
nxf-EgOOhKbavnj0qU0w1Qqk1OPy,0,f0fea67c5309f74b1118f26bf7f7315e34340260d4d3d7271d07a27053190110,/storage/nf-core/exec/work/e7/0f4a1aa19f57c5f6397858ae5c8db9
nxf-LNjbW1IxugQHBaV0je4zCEkW,0,ed2193a8830ad527924ef6f28db1ea63ba386f86f56a946a2780df37768f2b94,/storage/nf-core/exec/work/ed/054a73f4ae217f9775a28443080a88
nxf-H0faOjAsyNaCAzO20as1nfXP,1107143,f59d33023e79b2693ddd34edcb96c89f1590a0ac033e3aabc5aec4a31ff744f9,/storage/nf-core/exec/work/23/349a8a6d57e40377c9c59c176993bd
nxf-QPO0PTb9KedAqgA8uOAdrtjq,0,ec05007f7b6d5eede5467693d0b56b83a32020d11cc98436edd7f9c0781c2bb5,/storage/nf-core/exec/work/ca/08832daa8ff862d0cc7487eef43f67
nxf-i8VKJihbvoJxzGCMn8cceKId,0,a7b447a88227414a650019af38a145210377a7b0ab4aec0814f7d9b1d20d9975,/storage/nf-core/exec/work/0f/07c5cbd2da2cc429a2cbb6a981bfbe
nxf-Ge70qKlBxXchzz2HyqywQtp1,0,dbd62e409751b1f2966b2d4baf478b6e224f312229cd835c0b200f0e2c3b58e6,/storage/nf-core/exec/work/6e/9d650c67352cf4e37d389eac6e7ead
nxf-y7oPPii0qE3FoQQnFvQa4xHt,0,47df2069c461a528fd6ee25d668076d0d6236f2acbab206b8e9866f131c14daf,/storage/nf-core/exec/work/ba/a79bc87b16e88786ee1123770e2b6d
nxf-SRT80KjHmqQTcb0jAuROoWy0,0,9c4028e93889ae8f314225091506f258a5364c2f6f5581dd05f239b44b75aaea,/storage/nf-core/exec/work/03/58a0a77e6469eebcd5fccb5cf8e677
nxf-3ZmJTu9nAzR0Ovu0ipFLY8Rx,1107145,681d1120187c02f879c639c95fef5e9d84c2f28c5e86d915b02237f00efcf2d6,/storage/nf-core/exec/work/8b/1283be91f73ce596b4e28f79455ba3
nxf-VtlEg0FAbZpg8BbinmhcXsBZ,0,f19cc992f29a3ed2301f11ecbc4bc7faa097cf61daf4725844282507c248ab53,/storage/nf-core/exec/work/cd/9b11f5ae417653d0a70394f337cc4a
nxf-TRmrw8Yhl0EPoAkogGEXECuX,0,fd2a387ea29d3f7f57dc1edef41cbd97b493604f85b7a0882f41c81330bdda51,/storage/nf-core/exec/work/d0/01a4ccfea2c48ded336fe7a1b7ca51
nxf-x0Onv0WLmv0OGmdYZsLF4pB8,0,cba7e0dd949e3392530333a76a893c1050a53e96fb8921f8f76a2ed83b296a05,/storage/nf-core/exec/work/17/e6b9592d53a79076cac28dca81a73d
nxf-nqldplxAUA0CrkJbdsuwe29n,0,fcce467f879e5df496e7505bd31740bd9d066a75be794e2110f5ed9da1974751,/storage/nf-core/exec/work/85/218a82964c24c7cbbe685475bfcf14
nxf-e86IzYrnB2WJ4GFWlEF1fHox,0,89e9c70b25f0dc88dbf56656bd2f83c2c549cd083c50492146377164ee869e5c,/storage/nf-core/exec/work/79/beb272473b1e6d2a6bf5a8cb302b91
nxf-fzv6817VcxEcF41px42SBu3z,0,7ef8a67c4a9e0c627cd047dea98187e668be28f321702bcedfaad941b70ee405,/storage/nf-core/exec/work/f5/774b9d10ecad1d98393b8eeda9e4b0
nxf-OJTSXdjtNBCRefAU0ozlL65b,0,9a4273d854d0aa3c0c96b934e9eca0922d723cc964e9f796fd3555c104a5ce0a,/storage/nf-core/exec/work/7e/aa438b46431ffba3a72ee02bb1b612
nxf-En9Lvtdk6MDoVCsmKLBZ4jpA,0,4242fc8e194cc101d480d07e2a332751366154de796361d92d5817e9c7e5f3fe,/storage/nf-core/exec/work/55/79a516d28dcc271ba215614bddb1f4
nxf-qNvvlmTrZPYjcanHXT7BheE9,0,6949bf1666f20ab9348882630561ccd19b186d0d1b8e9668f838360d48c8543a,/storage/nf-core/exec/work/1d/4a47cc58c2345204974f97328b69db
nxf-0Tj9XS8LW7B13jk8wEwAlwAZ,1108763,14d93016a15857266b8b576246253f575917cc84078c88d97a60f6a4d0bd3096,/storage/nf-core/exec/work/7b/4a3f66453827e1e3364b817b009fbb
nxf-7xXD8az0yd09sCAjI546rrhc,0,c78570813dd1e91e5f69cabf73592d010aad792aaad79f1c5ee96f2b5a8509ff,/storage/nf-core/exec/work/51/4e76cd654ac6bdb7bf67ed78185fbd
nxf-QWVpZKHNtJGQ01JqEuwLs08y,0,6a62c6e8cd7b20dab8415d0fa45ad660d0e54b357a7c69aa315bb54c8dc25ae6,/storage/nf-core/exec/work/3b/2d1b1d329d19a88da11cd3268926dd
nxf-HCbTNRQz8Ms0ggnBOpLQpK3O,0,1bc5b3561b3842fe7223f7595af4f3c472dda5f186eca74ab705661ed64c870b,/storage/nf-core/exec/work/23/a3e85b21d7ef995bf555dd198add63
nxf-XiIBqKiIkksCjZXjMFgKKCga,1115007,727368b75b3fa35519ec82e2ffec4e52504f128c6b5a048cf0d8f543aeecdb87,/storage/nf-core/exec/work/70/48cd65d62bbd9e4a12fc6b9b6f14cb
nxf-pn0MgbWY5bvjhd6hjl3hzNil,0,eeee56d1ae1f2135cc0f47b54151d934aeca30b1a9e2f848e58845fcfe78b3b6,/storage/nf-core/exec/work/e4/f6dbe36586530314b82018d9243f76
nxf-XodzkgdpqI9ST0aolxexUHW1,1115008,f62657353a6614d72e55bf9e3956a6984e1221c3fa6ca60ad7b5ffb9346e228f,/storage/nf-core/exec/work/76/3fe87d36ee261d2e5714ff35d21a67
nxf-X39ZBIe2QbAtf7zEtzVCsPL5,1112315,85826f80b2ee6e618ec7ddb941f72d674d7a4a1c578dbf0b6097def9c8efbf1b,/storage/nf-core/exec/work/96/e97ca535683fd9c6aa9e90e998dbad
nxf-msoAaAlvz4N09YgGZSRPTxLw,0,ed6b5c6cda5a4aac5bdd8f8ae331ad71055e8cc5674ec95de73db342e26e2e82,/storage/nf-core/exec/work/f5/5a61c2886a74007e9cc311c114fac7
nxf-Yz45Xlm6EOALRPLnYxRbpt4h,0,61df0c53deebad030f6e47e25a491e1645cb7882a9b706737c8781050de9e539,/storage/nf-core/exec/work/94/143e557e6b3539beb5128a98d2bf42
nxf-7NLqBCT0GwkT47cBVLdZIdBX,1117845,7de3fb71f42b6e1d3c90471fe3c6ec11a20776a963995da7702b76553e99e1be,/storage/nf-core/exec/work/b8/5d146f703934c94a2299b99c50fa4d
nxf-xs0ZWWP8GtbvSlOl0Q1EA5DO,1121917,7f52eb8dd94303b339d0149a98a0a322bfe85ad1b9ea6cf76c86282774a08b27,/storage/nf-core/exec/work/0e/3b7fd9b0f527819193ddc3da2d11b3
nxf-6eG8W08k5No407Y3paYDJWMu,1121961,aad27c3692bf5b0562850fdde53c6fc0f1ea9c6a1c73c44aef836dea6af776f4,/storage/nf-core/exec/work/24/1cd51ae81da16c81aca16ef50efbc5
nxf-HkA5xMFPh3tyhtouGtLNy2Ep,0,8a5b4619923ee251e86be912d6c991b73797d6dad19a1f1a7e42d642649fb176,/storage/nf-core/exec/work/8d/dc05aa87a786daa2cf575a3f81f08f
nxf-2qLnmYXdLyDDyqXwSUMuidJC,0,9c2d068b4a2085a2333e55289f7288ce8178ad7491c6731f5694df8273ab22b6,/storage/nf-core/exec/work/82/c6ef5665a9527e1d308dd2fb07b2ef
nxf-4A0HHDfz9bjRdlvUEnt56ggS,1108964,ff5177175afa0e45aee3fd4699f4141805c74cc184d2b51188d61956c92d1dd1,/storage/nf-core/exec/work/35/3404d047c19509a90473c04862ba0e
nxf-T14jESvMdXFAVAY3QVcZ5Ob0,1108963,5a5ef40b597f0b3bd74d0fe619cf258e85912ef9c1507aced701f594216b3f84,/storage/nf-core/exec/work/99/8879e5691c756ec38561efbb980cad
nxf-xJPtzOG0UrHyXtWu3XDrynCD,0,f61dc86256eea4a8b263ac797c607556cbbef268590a8f6c9efc5b3a5ffaa4bd,/storage/nf-core/exec/work/73/f13cc18e0bf0de8f5756ccba802c49
nxf-g4SWQs4XWlLBWYYuq9yP8sUt,1123869,fa1ed6bda5e217a35958687739b6c2247179438338edd9be0d516d6c48c51aeb,/storage/nf-core/exec/work/05/fc04a569e968125d259ad1864e9006
nxf-RglIiDLY5kfp12PQjAzSrb83,1123880,18f2f4ff00bb3df7b533dd36699844a400525b31879350ca44dbd7a46e86bf74,/storage/nf-core/exec/work/a1/6f18dd7c43c44a089199efaf544d1d
nxf-jsg0jR7Jab385dMPwAvERChr,0,f17a6bc8540b6ae572bbd5a417218239d6dea38eb3d041380cbda1f7dac563b0,/storage/nf-core/exec/work/9e/1b32b5321e76bec5f8bf0458966814
nxf-iWFg04UcRiHCe4ATsmdttQhI,0,9ce259f018e493278e75e5e4e9a41f77ab39fc5c31babae7775fb4dc2e9adbef,/storage/nf-core/exec/work/14/ba5ca8e597a4c12c7e66725177e067
nxf-2AePNYfbimqiBUtmSY809LNZ,0,bb463cba116a1f74c28a015e711e87c83325377be706f5b540118c616f8a0479,/storage/nf-core/exec/work/b0/71f0d47f6bde9f25dd47705593ba48
nxf-stthHVqZ0AIEsscmYrWBfUOH,1108962,1eb6cd17bcbf646839ab3e7afe037ee912084babc2d26b4aa61b05f7edf35c10,/storage/nf-core/exec/work/c8/94d745a4b1f636e866bd30838afcf9
nxf-N17rCpZ7KbFj3SsATYXpOqkM,1123864,c42a2d6fccaf43d7df6ccbbdd38352c5950564c8a41e7e3b4e222da84e5cc7b2,/storage/nf-core/exec/work/72/f0ba6f94574ab270e1f6162bd4ece4
nxf-ADLMTbTmB74FhPuYTBTLRia0,0,f538ef7873357512ffe6eef0b7b771de3a80404a20540267c62406f6991f889e,/storage/nf-core/exec/work/a9/4cf477f68138ccf73b192f74f10000
nxf-L1mcifHZMLArJ7s9XskyaPpg,1118244,171fb0b055772853d3005041c952556b27d1bc79bcced5f2d22874a67c0feeb1,/storage/nf-core/exec/work/2b/f17e351ef720ed9147f4965a0fb81d
nxf-rYibtLoFId86h8FIY4j2rB0Q,1123851,60ec89b2627a8500c06040c5f4e11f4b1974cc94bad2379eb52774fce79c9c08,/storage/nf-core/exec/work/06/68134816b58d48e76c6c72918d2a15
nxf-Ns8ubjNdxMRHsvZeS3RTlI0E,1125327,8b15754b8d6b01b8b0a1fc14f029fa1e42fe132bfc3e14491b300c1f57d8b6a6,/storage/nf-core/exec/work/0a/dfa79a14d16eff50d1c785c9b3e3a3
nxf-FZAz0Rn7u3uyXgrn3AeATBAR,1127969,554cc66b0c90f3b20b5be992310d4e189a0569994458c48ef6772825c1082f4e,/storage/nf-core/exec/work/c1/c1ea5feb072f66162e509c5572ed3b
nxf-vdweh2U1vsbgVXTgcuulXpXS,1127974,6c7be7d756b8f088d8049cc0855585418df89211f50bba009b23807404986f42,/storage/nf-core/exec/work/fa/f53c59ebdbd59334c40e5b34490deb
nxf-S0Luv9C25SAfQKhz0vDJjyPX,1125315,2a1efe73e6f2ac9ca6f33a3dc5df789c603444d4a36059778a579010c28b9be3,/storage/nf-core/exec/work/8a/49ebc59b5aa23a3118621dc9cc5eef
nxf-y0u5ukEJSjTKpM4FDKQK9Acz,1125373,1c45e499154f9e002edb0a45de1b84fa77cd9240e1668c92c51046257b19cba3,/storage/nf-core/exec/work/94/e7e5a350e6932c86138e611246c61a
nxf-QPj4Md5i3PssdeQD28Y0mDbb,1125324,563a5455ec2d1e5d4526bf0b8098216f1ba74b2d9bb0c8640d28a5fe334f71bd,/storage/nf-core/exec/work/54/d586f91b1ebfac1a0600723db937a5
nxf-OUiY4thzASZoDyb4eSKAhiAk,1127965,0259b5830cf0abdcf19fb97e85a9a94bc6595d7666b9deed70c6e35689582063,/storage/nf-core/exec/work/00/bc0946b1ad30fd8115fbf690537fd6
nxf-eGUmVXNmXx0MfXF0xfdlJhkI,1127769,9241079e4fc696323659dd99c0d7eaf66358cd2f0cde66dcaed5db19c4b9e1df,/storage/nf-core/exec/work/ed/3392f6bf306a6b87372f321a318334
nxf-ZtjeUubnejX3JlxjtbEEIIIV,1127966,427540bfb8ca4299384ee56ac995c3dcd531782dca61838813edadb89269848f,/storage/nf-core/exec/work/a7/1a3b9178589833beda81aad35b88c3
nxf-vDmVfPLE7qBUiVjg9ovZoMeD,1127983,dd7c0d1c8f4f0747ba5a696c371bbfae1c9ccc3bb61a5aab908c14e84735590e,/storage/nf-core/exec/work/43/487ffbe9150412c10b6ff0e1e7725a
nxf-CSXF23H6zfqyXYjbme8ti27p,1129972,4622266cabb63e0df128fe8bdb51b1809b4555525d2a24f6780cd8326d96ddaa,/storage/nf-core/exec/work/69/13cb9ad1c406e8a81ba39cbc3eb4f2
nxf-id97XFSR3MZHGDBnnvxsPndj,1127967,544b8022e37491ae558c18fe72a4e41f956e475a2c681a134ff5414f48919e40,/storage/nf-core/exec/work/4c/37693bbe299f5ab3e8e2d55189a584
nxf-kuxNZmmU59yEwB2KB5wqx30v,1131026,1c7e568e66f52de968a7e713ec11f826159958cffa8c0a902cce131f1820f582,/storage/nf-core/exec/work/43/f3bc9e5c995f9f40b6769f6f80da0c
nxf-opu8PkwxX6qSoQE6YJFAGEjZ,1131668,17c6fd952700b363314844b5cfa8624779775e8cfbbfee3e7ef2efe969533ce2,/storage/nf-core/exec/work/ea/e0c8ff5cf9ff3e76fa69d2d7016513
